Library Name,Library Index,Plate location,filename,Unique ID,Plate ID,Sample ID,Date collected,Birth year,Fork Length (mm),Julian day,Station ID,Field ID
BMAG047,CCGTCC,A01,Ht16-01_2011_A01,Ht16-1,SFC_09_18,1003,24-Aug-11,2011,40,NA,NA,2011-TNS-1003
BMAG047,GTCCGC,A01,Ht18-01_2011_A01,Ht18-1,2012-SFC_09_07,4969,5-Apr-12,2011,61,NA,NA,2012-SKT-4969
BMAG047,GTGAAA,A01,Ht19-01_2012_A01,Ht19-1,SFC_09_11,6302,6-Feb-13,2012,65,NA,NA,2013-SKT-6302
BMAG047,CCGTCC,A02,Ht16-09_2011_A02,Ht16-9,SFC_09_18,1004,24-Aug-11,2011,47,NA,NA,2011-TNS-1004
BMAG047,GTCCGC,A02,Ht18-09_2011_A02,Ht18-9,2012-SFC_09_07,4970,5-Apr-12,2011,62,NA,NA,2012-SKT-4970
BMAG047,GTGAAA,A02,Ht19-09_2012_A02,Ht19-9,SFC_09_11,6308,6-Feb-13,2012,55,NA,NA,2013-SKT-6308
BMAG047,CCGTCC,A03,Ht16-17_2011_A03,Ht16-17,SFC_09_18,1382,23-Aug-11,2011,40,NA,NA,2011-TNS-1382
BMAG047,GTCCGC,A03,Ht18-17_2011_A03,Ht18-17,2012-SFC_09_07,4972,5-Apr-12,2011,65,NA,NA,2012-SKT-4972
BMAG047,GTGAAA,A03,Ht19-17_2012_A03,Ht19-17,SFC_09_11,6309,6-Feb-13,2012,65,NA,NA,2013-SKT-6309
BMAG047,CCGTCC,A04,Ht16-25_2011_A04,Ht16-25,SFC_09_18,1371,23-Aug-11,2011,57,NA,NA,2011-TNS-1371
BMAG047,GTCCGC,A04,Ht18-25_2011_A04,Ht18-25,2012-SFC_09_07,4973,5-Apr-12,2011,62,NA,NA,2012-SKT-4973
BMAG047,GTGAAA,A04,Ht19-25_2012_A04,Ht19-25,SFC_09_11,6310,6-Feb-13,2012,71,NA,NA,2013-SKT-6310
BMAG047,CCGTCC,A05,Ht16-33_2011_A05,Ht16-33,SFC_09_18,1299,13-Sep-11,2011,85,NA,NA,2011-FMWT-1299
BMAG047,GTCCGC,A05,Ht18-33_2011_A05,Ht18-33,2012-SFC_09_07,4975,5-Apr-12,2011,65,NA,NA,2012-SKT-4975
BMAG047,GTGAAA,A05,Ht19-33_2012_A05,Ht19-33,SFC_09_11,6312,6-Feb-13,2012,68,NA,NA,2013-SKT-6312
BMAG047,CCGTCC,A06,Ht16-41_2011_A06,Ht16-41,SFC_09_18,1263,13-Sep-11,2011,42,NA,NA,2011-FMWT-1263
BMAG047,GTCCGC,A06,Ht18-41_2011_A06,Ht18-41,2012-SFC_09_07,4976,5-Apr-12,2011,62,NA,NA,2012-SKT-4976
BMAG047,GTGAAA,A06,Ht19-41_2012_A06,Ht19-41,SFC_09_11,6316,6-Feb-13,2012,70,NA,NA,2013-SKT-6316
BMAG047,CCGTCC,A07,Ht16-49_2011_A07,Ht16-49,SFC_09_18,1254,13-Sep-11,2011,55,NA,NA,2011-FMWT-1254
BMAG047,GTCCGC,A07,Ht18-49_2011_A07,Ht18-49,2012-SFC_09_07,4979,5-Apr-12,2011,64,NA,NA,2012-SKT-4979
BMAG047,GTGAAA,A07,Ht19-49_2012_A07,Ht19-49,SFC_09_11,6318,6-Feb-13,2012,65,NA,NA,2013-SKT-6318
BMAG047,CCGTCC,A08,Ht16-57_2011_A08,Ht16-57,SFC_09_18,1255,13-Sep-11,2011,64,NA,NA,2011-FMWT-1255
BMAG047,GTCCGC,A08,Ht18-57_2011_A08,Ht18-57,2012-SFC_09_07,4981,5-Apr-12,2011,60,NA,NA,2012-SKT-4981
BMAG047,GTGAAA,A08,Ht19-57_2012_A08,Ht19-57,SFC_09_11,6320,6-Feb-13,2012,65,NA,NA,2013-SKT-6320
BMAG047,CCGTCC,A09,Ht16-65_2011_A09,Ht16-65,SFC_09_18,1122,8-Sep-11,2011,NA,NA,NA,2011-FMWT-1122
BMAG047,GTCCGC,A09,Ht18-65_2011_A09,Ht18-65,2012-SFC_09_07,4983,5-Apr-12,2011,73,NA,NA,2012-SKT-4983
BMAG047,GTGAAA,A09,Ht19-65_2012_A09,Ht19-65,SFC_09_11,6322,6-Feb-13,2012,60,NA,NA,2013-SKT-6322
BMAG047,CCGTCC,A10,Ht16-73_2011_A10,Ht16-73,SFC_09_18,1086,25-Aug-11,2011,43,NA,NA,2011-TNS-1086
BMAG047,GTCCGC,A10,Ht18-73_2011_A10,Ht18-73,2012-SFC_09_07,4984,5-Apr-12,2011,67,NA,NA,2012-SKT-4984
BMAG047,GTGAAA,A10,Ht19-73_2012_A10,Ht19-73,SFC_09_11,6323,6-Feb-13,2012,65,NA,NA,2013-SKT-6323
BMAG047,CCGTCC,A11,Ht16-81_2011_A11,Ht16-81,SFC_09_18,1484,23-Aug-11,2011,36,NA,NA,2011-TNS-1484
BMAG047,GTCCGC,A11,Ht18-81_2011_A11,Ht18-81,2012-SFC_09_07,4986,5-Apr-12,2011,64,NA,NA,2012-SKT-4986
BMAG047,GTGAAA,A11,Ht19-81_2012_A11,Ht19-81,SFC_09_11,6324,6-Feb-13,2012,60,NA,NA,2013-SKT-6324
BMAG047,CCGTCC,A12,Ht16-89_2011_A12,Ht16-89,SFC_09_18,1393,23-Aug-11,2011,42,NA,NA,2011-TNS-1393
BMAG047,GTCCGC,A12,Ht18-89_2011_A12,Ht18-89,2012-SFC_09_07,4990,5-Apr-12,2011,68,NA,NA,2012-SKT-4990
BMAG047,GTGAAA,A12,Ht19-89_2012_A12,Ht19-89,SFC_09_11,6327,6-Feb-13,2012,73,NA,NA,2013-SKT-6327
BMAG047,CCGTCC,B01,Ht16-02_2011_B01,Ht16-2,SFC_09_18,1067,25-Aug-11,2011,32,NA,NA,2011-TNS-1067
BMAG047,GTCCGC,B01,Ht18-02_2011_B01,Ht18-2,2012-SFC_09_07,4991,5-Apr-12,2011,68,NA,NA,2012-SKT-4991
BMAG047,GTGAAA,B01,Ht19-02_2012_B01,Ht19-2,SFC_09_11,6328,6-Feb-13,2012,70,NA,NA,2013-SKT-6328
BMAG047,CCGTCC,B02,Ht16-10_2011_B02,Ht16-10,SFC_09_18,1068,25-Aug-11,2011,37,NA,NA,2011-TNS-1068
BMAG047,GTCCGC,B02,Ht18-10_2011_B02,Ht18-10,2012-SFC_09_07,4993,5-Apr-12,2011,60,NA,NA,2012-SKT-4993
BMAG047,GTGAAA,B02,Ht19-10_2012_B02,Ht19-10,SFC_09_11,6329,6-Feb-13,2012,70,NA,NA,2013-SKT-6329
BMAG047,CCGTCC,B03,Ht16-18_2011_B03,Ht16-18,SFC_09_18,1005,24-Aug-11,2011,54,NA,NA,2011-TNS-1005
BMAG047,GTCCGC,B03,Ht18-18_2011_B03,Ht18-18,2012-SFC_09_07,4994,5-Apr-12,2011,72,NA,NA,2012-SKT-4994
BMAG047,GTGAAA,B03,Ht19-18_2012_B03,Ht19-18,SFC_09_11,6330,6-Feb-13,2012,70,NA,NA,2013-SKT-6330
BMAG047,CCGTCC,B04,Ht16-26_2011_B04,Ht16-26,SFC_09_18,1383,23-Aug-11,2011,49,NA,NA,2011-TNS-1383
BMAG047,GTCCGC,B04,Ht18-26_2011_B04,Ht18-26,2012-SFC_09_07,4995,5-Apr-12,2011,64,NA,NA,2012-SKT-4995
BMAG047,GTGAAA,B04,Ht19-26_2012_B04,Ht19-26,SFC_09_11,6331,6-Feb-13,2012,68,NA,NA,2013-SKT-6331
BMAG047,CCGTCC,B05,Ht16-34_2011_B05,Ht16-34,SFC_09_18,1372,23-Aug-11,2011,40,NA,NA,2011-TNS-1372
BMAG047,GTCCGC,B05,Ht18-34_2011_B05,Ht18-34,2012-SFC_09_07,4997,5-Apr-12,2011,65,NA,NA,2012-SKT-4997
BMAG047,GTGAAA,B05,Ht19-34_2012_B05,Ht19-34,SFC_09_11,6335,6-Feb-13,2012,73,NA,NA,2013-SKT-6335
BMAG047,CCGTCC,B06,Ht16-42_2011_B06,Ht16-42,SFC_09_18,1314,13-Sep-11,2011,63,NA,NA,2011-FMWT-1314
BMAG047,GTCCGC,B06,Ht18-42_2011_B06,Ht18-42,2012-SFC_09_07,4998,5-Apr-12,2011,70,NA,NA,2012-SKT-4998
BMAG047,GTGAAA,B06,Ht19-42_2012_B06,Ht19-42,SFC_09_11,6336,6-Feb-13,2012,66,NA,NA,2013-SKT-6336
BMAG047,CCGTCC,B07,Ht16-50_2011_B07,Ht16-50,SFC_09_18,1264,13-Sep-11,2011,62,NA,NA,2011-FMWT-1264
BMAG047,GTCCGC,B07,Ht18-50_2011_B07,Ht18-50,2012-SFC_09_07,4999,5-Apr-12,2011,64,NA,NA,2012-SKT-4999
BMAG047,GTGAAA,B07,Ht19-50_2012_B07,Ht19-50,SFC_09_11,6339,6-Feb-13,2012,62,NA,NA,2013-SKT-6339
BMAG047,CCGTCC,B08,Ht16-58_2011_B08,Ht16-58,SFC_09_18,1265,13-Sep-11,2011,64,NA,NA,2011-FMWT-1265
BMAG047,GTCCGC,B08,Ht18-58_2011_B08,Ht18-58,2012-SFC_09_07,5000,5-Apr-12,2011,61,NA,NA,2012-SKT-5000
BMAG047,GTGAAA,B08,Ht19-58_2012_B08,Ht19-58,SFC_09_11,6340,6-Feb-13,2012,74,NA,NA,2013-SKT-6340
BMAG047,CCGTCC,B09,Ht16-66_2011_B09,Ht16-66,SFC_09_18,1256,13-Sep-11,2011,44,NA,NA,2011-FMWT-1256
BMAG047,GTCCGC,B09,Ht18-66_2011_B09,Ht18-66,2012-SFC_09_07,5001,5-Apr-12,2011,59,NA,NA,2012-SKT-5001
BMAG047,GTGAAA,B09,Ht19-66_2012_B09,Ht19-66,SFC_09_11,6341,6-Feb-13,2012,79,NA,NA,2013-SKT-6341
BMAG047,CCGTCC,B10,Ht16-74_2011_B10,Ht16-74,SFC_09_18,1123,8-Sep-11,2011,NA,NA,NA,2011-FMWT-1123
BMAG047,GTCCGC,B10,Ht18-74_2011_B10,Ht18-74,2012-SFC_09_07,5003,5-Apr-12,2011,74,NA,NA,2012-SKT-5003
BMAG047,GTGAAA,B10,Ht19-74_2012_B10,Ht19-74,SFC_09_11,6343,6-Feb-13,2012,60,NA,NA,2013-SKT-6343
BMAG047,CCGTCC,B11,Ht16-82_2011_B11,Ht16-82,SFC_09_18,2059,16-Dec-11,2011,54,NA,NA,2011-FMWT-2059
BMAG047,GTCCGC,B11,Ht18-82_2011_B11,Ht18-82,2012-SFC_09_07,5004,5-Apr-12,2011,70,NA,NA,2012-SKT-5004
BMAG047,GTGAAA,B11,Ht19-82_2012_B11,Ht19-82,SFC_09_11,6346,6-Feb-13,2012,70,NA,NA,2013-SKT-6346
BMAG047,CCGTCC,B12,Ht16-90_2011_B12,Ht16-90,SFC_09_18,1485,23-Aug-11,2011,49,NA,NA,2011-TNS-1485
BMAG047,GTCCGC,B12,Ht18-90_2011_B12,Ht18-90,2012-SFC_09_07,5005,5-Apr-12,2011,69,NA,NA,2012-SKT-5005
BMAG047,GTGAAA,B12,Ht19-90_2012_B12,Ht19-90,SFC_09_11,6348,6-Feb-13,2012,60,NA,NA,2013-SKT-6348
BMAG047,CCGTCC,C01,Ht16-03_2011_C01,Ht16-3,SFC_09_18,1087,26-Aug-11,2011,48,NA,NA,2011-TNS-1087
BMAG047,GTCCGC,C01,Ht18-03_2011_C01,Ht18-3,2012-SFC_09_07,5007,5-Apr-12,2011,64,NA,NA,2012-SKT-5007
BMAG047,GTGAAA,C01,Ht19-03_2012_C01,Ht19-3,SFC_09_11,6351,6-Feb-13,2012,64,NA,NA,2013-SKT-6351
BMAG047,CCGTCC,C02,Ht16-11_2011_C02,Ht16-11,SFC_09_18,1079,25-Aug-11,2011,39,NA,NA,2011-TNS-1079
BMAG047,GTCCGC,C02,Ht18-11_2011_C02,Ht18-11,2012-SFC_09_07,5008,5-Apr-12,2011,60,NA,NA,2012-SKT-5008
BMAG047,GTGAAA,C02,Ht19-11_2012_C02,Ht19-11,SFC_09_11,6353,6-Feb-13,2012,67,NA,NA,2013-SKT-6353
BMAG047,CCGTCC,C03,Ht16-19_2011_C03,Ht16-19,SFC_09_18,1071,25-Aug-11,2011,40,NA,NA,2011-TNS-1071
BMAG047,GTCCGC,C03,Ht18-19_2011_C03,Ht18-19,2012-SFC_09_07,5009,5-Apr-12,2011,66,NA,NA,2012-SKT-5009
BMAG047,GTGAAA,C03,Ht19-19_2012_C03,Ht19-19,SFC_09_11,6354,6-Feb-13,2012,70,NA,NA,2013-SKT-6354
BMAG047,CCGTCC,C04,Ht16-27_2011_C04,Ht16-27,SFC_09_18,1006,24-Aug-11,2011,43,NA,NA,2011-TNS-1006
BMAG047,GTCCGC,C04,Ht18-27_2011_C04,Ht18-27,2012-SFC_09_07,5010,5-Apr-12,2011,64,NA,NA,2012-SKT-5010
BMAG047,GTGAAA,C04,Ht19-27_2012_C04,Ht19-27,SFC_09_11,6356,6-Feb-13,2012,71,NA,NA,2013-SKT-6356
BMAG047,CCGTCC,C05,Ht16-35_2011_C05,Ht16-35,SFC_09_18,1385,23-Aug-11,2011,41,NA,NA,2011-TNS-1385
BMAG047,GTCCGC,C05,Ht18-35_2011_C05,Ht18-35,2012-SFC_09_07,5012,5-Apr-12,2011,70,NA,NA,2012-SKT-5012
BMAG047,GTGAAA,C05,Ht19-35_2012_C05,Ht19-35,SFC_09_11,6358,7-Feb-13,2012,72,NA,NA,2013-SKT-6358
BMAG047,CCGTCC,C06,Ht16-43_2011_C06,Ht16-43,SFC_09_18,1373,23-Aug-11,2011,42,NA,NA,2011-TNS-1373
BMAG047,GTCCGC,C06,Ht18-43_2011_C06,Ht18-43,2012-SFC_09_07,5017,5-Apr-12,2011,70,NA,NA,2012-SKT-5017
BMAG047,GTGAAA,C06,Ht19-43_2012_C06,Ht19-43,SFC_09_11,6359,7-Feb-13,2012,64,NA,NA,2013-SKT-6359
BMAG047,CCGTCC,C07,Ht16-51_2011_C07,Ht16-51,SFC_09_18,1364,23-Aug-11,2011,45,NA,NA,2011-TNS-1364
BMAG047,GTCCGC,C07,Ht18-51_2011_C07,Ht18-51,2012-SFC_09_07,5022,5-Apr-12,2011,60,NA,NA,2012-SKT-5022
BMAG047,GTGAAA,C07,Ht19-51_2012_C07,Ht19-51,SFC_09_11,6362,7-Feb-13,2012,75,NA,NA,2013-SKT-6362
BMAG047,CCGTCC,C08,Ht16-59_2011_C08,Ht16-59,SFC_09_18,1365,23-Aug-11,2011,43,NA,NA,2011-TNS-1365
BMAG047,GTCCGC,C08,Ht18-59_2011_C08,Ht18-59,2012-SFC_09_07,5024,5-Apr-12,2011,63,NA,NA,2012-SKT-5024
BMAG047,GTGAAA,C08,Ht19-59_2012_C08,Ht19-59,SFC_09_11,6366,7-Feb-13,2012,70,NA,NA,2013-SKT-6366
BMAG047,CCGTCC,C09,Ht16-67_2011_C09,Ht16-67,SFC_09_18,1266,13-Sep-11,2011,51,NA,NA,2011-FMWT-1266
BMAG047,GTCCGC,C09,Ht18-67_2011_C09,Ht18-67,2012-SFC_09_07,5027,5-Apr-12,2011,66,NA,NA,2012-SKT-5027
BMAG047,GTGAAA,C09,Ht19-67_2012_C09,Ht19-67,SFC_09_11,6367,7-Feb-13,2012,65,NA,NA,2013-SKT-6367
BMAG047,CCGTCC,C10,Ht16-75_2011_C10,Ht16-75,SFC_09_18,1258,13-Sep-11,2011,50,NA,NA,2011-FMWT-1258
BMAG047,GTCCGC,C10,Ht18-75_2011_C10,Ht18-75,2012-SFC_09_07,5028,5-Apr-12,2011,70,NA,NA,2012-SKT-5028
BMAG047,GTGAAA,C10,Ht19-75_2012_C10,Ht19-75,SFC_09_11,6369,7-Feb-13,2012,77,NA,NA,2013-SKT-6369
BMAG047,CCGTCC,C11,Ht16-83_2011_C11,Ht16-83,SFC_09_18,2236,5-Oct-11,2011,NA,NA,NA,2011-FMWT-2236
BMAG047,GTCCGC,C11,Ht18-83_2011_C11,Ht18-83,2012-SFC_09_07,5030,5-Apr-12,2011,70,NA,NA,2012-SKT-5030
BMAG047,GTGAAA,C11,Ht19-83_2012_C11,Ht19-83,SFC_09_11,6370,7-Feb-13,2012,68,NA,NA,2013-SKT-6370
BMAG047,CCGTCC,C12,Ht16-91_2011_C12,Ht16-91,SFC_09_18,2060,16-Dec-11,2011,72,NA,NA,2011-FMWT-2060
BMAG047,GTCCGC,C12,Ht18-91_2011_C12,Ht18-91,2012-SFC_09_07,5031,5-Apr-12,2011,70,NA,NA,2012-SKT-5031
BMAG047,GTGAAA,C12,Ht19-91_2012_C12,Ht19-91,SFC_09_11,6371,7-Feb-13,2012,72,NA,NA,2013-SKT-6371
BMAG047,CCGTCC,D01,Ht16-04_2011_D01,Ht16-4,SFC_09_18,1199,12-Sep-11,2011,55,NA,NA,2011-FMWT-1199
BMAG047,GTCCGC,D01,Ht18-04_2011_D01,Ht18-4,2012-SFC_09_07,5033,5-Apr-12,2011,62,NA,NA,2012-SKT-5033
BMAG047,GTGAAA,D01,Ht19-04_2012_D01,Ht19-4,SFC_09_11,6372,7-Feb-13,2012,67,NA,NA,2013-SKT-6372
BMAG047,CCGTCC,D02,Ht16-12_2011_D02,Ht16-12,SFC_09_18,1108,8-Sep-11,2011,NA,NA,NA,2011-FMWT-1108
BMAG047,GTCCGC,D02,Ht18-12_2011_D02,Ht18-12,2012-SFC_09_07,5035,5-Apr-12,2011,69,NA,NA,2012-SKT-5035
BMAG047,GTGAAA,D02,Ht19-12_2012_D02,Ht19-12,SFC_09_11,6373,7-Feb-13,2012,71,NA,NA,2013-SKT-6373
BMAG047,CCGTCC,D03,Ht16-20_2011_D03,Ht16-20,SFC_09_18,1080,25-Aug-11,2011,44,NA,NA,2011-TNS-1080
BMAG047,GTCCGC,D03,Ht18-20_2011_D03,Ht18-20,2012-SFC_09_07,5036,5-Apr-12,2011,75,NA,NA,2012-SKT-5036
BMAG047,GTGAAA,D03,Ht19-20_2012_D03,Ht19-20,SFC_09_11,6374,7-Feb-13,2012,70,NA,NA,2013-SKT-6374
BMAG047,CCGTCC,D04,Ht16-28_2011_D04,Ht16-28,SFC_09_18,1072,25-Aug-11,2011,44,NA,NA,2011-TNS-1072
BMAG047,GTCCGC,D04,Ht18-28_2011_D04,Ht18-28,2012-SFC_09_07,5037,5-Apr-12,2011,65,NA,NA,2012-SKT-5037
BMAG047,GTGAAA,D04,Ht19-28_2012_D04,Ht19-28,SFC_09_11,6376,7-Feb-13,2012,69,NA,NA,2013-SKT-6376
BMAG047,CCGTCC,D05,Ht16-36_2011_D05,Ht16-36,SFC_09_18,1062,25-Aug-11,2011,51,NA,NA,2011-TNS-1062
BMAG047,GTCCGC,D05,Ht18-36_2011_D05,Ht18-36,2012-SFC_09_07,5038,1-May-12,2011,69,NA,NA,2012-SKT-5038
BMAG047,GTGAAA,D05,Ht19-36_2012_D05,Ht19-36,SFC_09_11,6377,7-Feb-13,2012,70,NA,NA,2013-SKT-6377
BMAG047,CCGTCC,D06,Ht16-44_2011_D06,Ht16-44,SFC_09_18,1386,23-Aug-11,2011,42,NA,NA,2011-TNS-1386
BMAG047,GTCCGC,D06,Ht18-44_2011_D06,Ht18-44,2012-SFC_09_07,5039,1-May-12,2011,68,NA,NA,2012-SKT-5039
BMAG047,GTGAAA,D06,Ht19-44_2012_D06,Ht19-44,SFC_09_11,6378,7-Feb-13,2012,80,NA,NA,2013-SKT-6378
BMAG047,CCGTCC,D07,Ht16-52_2011_D07,Ht16-52,SFC_09_18,1375,23-Aug-11,2011,50,NA,NA,2011-TNS-1375
BMAG047,GTCCGC,D07,Ht18-52_2011_D07,Ht18-52,2012-SFC_09_07,5040,1-May-12,2011,70,NA,NA,2012-SKT-5040
BMAG047,GTGAAA,D07,Ht19-52_2012_D07,Ht19-52,SFC_09_11,6379,7-Feb-13,2012,67,NA,NA,2013-SKT-6379
BMAG047,CCGTCC,D08,Ht16-60_2011_D08,Ht16-60,SFC_09_18,1376,23-Aug-11,2011,52,NA,NA,2011-TNS-1376
BMAG047,GTCCGC,D08,Ht18-60_2011_D08,Ht18-60,2012-SFC_09_07,5042,1-May-12,2011,74,NA,NA,2012-SKT-5042
BMAG047,GTGAAA,D08,Ht19-60_2012_D08,Ht19-60,SFC_09_11,6380,7-Feb-13,2012,73,NA,NA,2013-SKT-6380
BMAG047,CCGTCC,D09,Ht16-68_2011_D09,Ht16-68,SFC_09_18,1366,23-Aug-11,2011,53,NA,NA,2011-TNS-1366
BMAG047,GTCCGC,D09,Ht18-68_2011_D09,Ht18-68,2012-SFC_09_07,5043,1-May-12,2011,75,NA,NA,2012-SKT-5043
BMAG047,GTGAAA,D09,Ht19-68_2012_D09,Ht19-68,SFC_09_11,6381,7-Feb-13,2012,76,NA,NA,2013-SKT-6381
BMAG047,CCGTCC,D10,Ht16-76_2011_D10,Ht16-76,SFC_09_18,1295,13-Sep-11,2011,60,NA,NA,2011-FMWT-1295
BMAG047,GTCCGC,D10,Ht18-76_2011_D10,Ht18-76,2012-SFC_09_07,5044,1-May-12,2011,70,NA,NA,2012-SKT-5044
BMAG047,GTGAAA,D10,Ht19-76_2012_D10,Ht19-76,SFC_09_11,6383,7-Feb-13,2012,83,NA,NA,2013-SKT-6383
BMAG047,CCGTCC,D11,Ht16-84_2011_D11,Ht16-84,SFC_09_18,2397,7-Oct-11,2011,NA,NA,NA,2011-FMWT-2397
BMAG047,GTCCGC,D11,Ht18-84_2011_D11,Ht18-84,2012-SFC_09_07,5045,1-May-12,2011,69,NA,NA,2012-SKT-5045
BMAG047,GTGAAA,D11,Ht19-84_2012_D11,Ht19-84,SFC_09_11,6386,7-Feb-13,2012,70,NA,NA,2013-SKT-6386
BMAG047,CCGTCC,D12,Ht16-92_2011_D12,Ht16-92,SFC_09_18,2259,5-Oct-11,2011,NA,NA,NA,2011-FMWT-2259
BMAG047,GTCCGC,D12,Ht18-92_2011_D12,Ht18-92,2012-SFC_09_07,5046,1-May-12,2011,70,NA,NA,2012-SKT-5046
BMAG047,GTGAAA,D12,Ht19-92_2012_D12,Ht19-92,SFC_09_11,6388,7-Feb-13,2012,72,NA,NA,2013-SKT-6388
BMAG047,CCGTCC,E01,Ht16-05_2011_E01,Ht16-5,SFC_09_18,1259,13-Sep-11,2011,49,NA,NA,2011-FMWT-1259
BMAG047,GTCCGC,E01,Ht18-05_2011_E01,Ht18-5,2012-SFC_09_07,5047,1-May-12,2011,69,NA,NA,2012-SKT-5047
BMAG047,GTGAAA,E01,Ht19-05_2012_E01,Ht19-5,SFC_09_11,6389,7-Feb-13,2012,75,NA,NA,2013-SKT-6389
BMAG047,CCGTCC,E02,Ht16-13_2011_E02,Ht16-13,SFC_09_18,1221,13-Sep-11,2011,48,NA,NA,2011-FMWT-1221
BMAG047,GTCCGC,E02,Ht18-13_2011_E02,Ht18-13,2012-SFC_09_07,5048,1-May-12,2011,67,NA,NA,2012-SKT-5048
BMAG047,GTGAAA,E02,Ht19-13_2012_E02,Ht19-13,SFC_09_11,6390,5-Mar-13,2012,78,NA,NA,2013-SKT-6390
BMAG047,CCGTCC,E03,Ht16-21_2011_E03,Ht16-21,SFC_09_18,1109,8-Sep-11,2011,NA,NA,NA,2011-FMWT-1109
BMAG047,GTCCGC,E03,Ht18-21_2011_E03,Ht18-21,2012-SFC_09_07,5049,1-May-12,2011,64,NA,NA,2012-SKT-5049
BMAG047,GTGAAA,E03,Ht19-21_2012_E03,Ht19-21,SFC_09_11,6396,6-Mar-13,2012,75,NA,NA,2013-SKT-6396
BMAG047,CCGTCC,E04,Ht16-29_2011_E04,Ht16-29,SFC_09_18,1081,25-Aug-11,2011,40,NA,NA,2011-TNS-1081
BMAG047,GTCCGC,E04,Ht18-29_2011_E04,Ht18-29,2012-SFC_09_07,5050,1-May-12,2011,72,NA,NA,2012-SKT-5050
BMAG047,GTGAAA,E04,Ht19-29_2012_E04,Ht19-29,SFC_09_11,6397,6-Mar-13,2012,75,NA,NA,2013-SKT-6397
BMAG047,CCGTCC,E05,Ht16-37_2011_E05,Ht16-37,SFC_09_18,1073,25-Aug-11,2011,46,NA,NA,2011-TNS-1073
BMAG047,GTCCGC,E05,Ht18-37_2011_E05,Ht18-37,2012-SFC_09_07,5051,1-May-12,2011,68,NA,NA,2012-SKT-5051
BMAG047,GTGAAA,E05,Ht19-37_2012_E05,Ht19-37,SFC_09_11,6398,6-Mar-13,2012,70,NA,NA,2013-SKT-6398
BMAG047,CCGTCC,E06,Ht16-45_2011_E06,Ht16-45,SFC_09_18,1063,25-Aug-11,2011,46,NA,NA,2011-TNS-1063
BMAG047,GTCCGC,E06,Ht18-45_2011_E06,Ht18-45,2012-SFC_09_07,5052,1-May-12,2011,68,NA,NA,2012-SKT-5052
BMAG047,GTGAAA,E06,Ht19-45_2012_E06,Ht19-45,SFC_09_11,6399,6-Mar-13,2012,79,NA,NA,2013-SKT-6399
BMAG047,CCGTCC,E07,Ht16-53_2011_E07,Ht16-53,SFC_09_18,1387,23-Aug-11,2011,44,NA,NA,2011-TNS-1387
BMAG047,GTCCGC,E07,Ht18-53_2011_E07,Ht18-53,2012-SFC_09_07,5053,1-May-12,2011,68,NA,NA,2012-SKT-5053
BMAG047,GTGAAA,E07,Ht19-53_2012_E07,Ht19-53,SFC_09_11,6400,6-Mar-13,2012,70,NA,NA,2013-SKT-6400
BMAG047,CCGTCC,E08,Ht16-61_2011_E08,Ht16-61,SFC_09_18,1389,23-Aug-11,2011,39,NA,NA,2011-TNS-1389
BMAG047,GTCCGC,E08,Ht18-61_2011_E08,Ht18-61,2012-SFC_09_07,5054,1-May-12,2011,62,NA,NA,2012-SKT-5054
BMAG047,GTGAAA,E08,Ht19-61_2012_E08,Ht19-61,SFC_09_11,6401,6-Mar-13,2012,74,NA,NA,2013-SKT-6401
BMAG047,CCGTCC,E09,Ht16-69_2011_E09,Ht16-69,SFC_09_18,1377,23-Aug-11,2011,43,NA,NA,2011-TNS-1377
BMAG047,GTCCGC,E09,Ht18-69_2011_E09,Ht18-69,2012-SFC_09_07,5055,1-May-12,2011,72,NA,NA,2012-SKT-5055
BMAG047,GTGAAA,E09,Ht19-69_2012_E09,Ht19-69,SFC_09_11,6402,6-Mar-13,2012,75,NA,NA,2013-SKT-6402
BMAG047,CCGTCC,E10,Ht16-77_2011_E10,Ht16-77,SFC_09_18,1368,23-Aug-11,2011,44,NA,NA,2011-TNS-1368
BMAG047,GTCCGC,E10,Ht18-77_2011_E10,Ht18-77,2012-SFC_09_07,5056,1-May-12,2011,69,NA,NA,2012-SKT-5056
BMAG047,GTGAAA,E10,Ht19-77_2012_E10,Ht19-77,SFC_09_11,6403,6-Mar-13,2012,70,NA,NA,2013-SKT-6403
BMAG047,CCGTCC,E11,Ht16-85_2011_E11,Ht16-85,SFC_09_18,2787,9-Nov-11,2011,NA,NA,NA,2011-FMWT-2787
BMAG047,GTCCGC,E11,Ht18-85_2011_E11,Ht18-85,2012-SFC_09_07,5057,1-May-12,2011,74,NA,NA,2012-SKT-5057
BMAG047,GTGAAA,E11,Ht19-85_2012_E11,Ht19-85,SFC_09_11,6404,6-Mar-13,2012,69,NA,NA,2013-SKT-6404
BMAG047,CCGTCC,E12,Ht16-93_2011_E12,Ht16-93,SFC_09_18,2401,7-Oct-11,2011,NA,NA,NA,2011-FMWT-2401
BMAG047,GTCCGC,E12,Ht18-93_2011_E12,Ht18-93,2012-SFC_09_07,5058,1-May-12,2011,65,NA,NA,2012-SKT-5058
BMAG047,GTGAAA,E12,Ht19-93_2012_E12,Ht19-93,SFC_09_11,6405,6-Mar-13,2012,73,NA,NA,2013-SKT-6405
BMAG047,CCGTCC,F01,Ht16-06_2011_F01,Ht16-6,SFC_09_18,1296,13-Sep-11,2011,62,NA,NA,2011-FMWT-1296
BMAG047,GTCCGC,F01,Ht18-06_2011_F01,Ht18-6,2012-SFC_09_07,5059,1-May-12,2011,73,NA,NA,2012-SKT-5059
BMAG047,GTGAAA,F01,Ht19-06_2012_F01,Ht19-6,SFC_09_11,6406,6-Mar-13,2012,62,NA,NA,2013-SKT-6406
BMAG047,CCGTCC,F02,Ht16-14_2011_F02,Ht16-14,SFC_09_18,1260,13-Sep-11,2011,54,NA,NA,2011-FMWT-1260
BMAG047,GTCCGC,F02,Ht18-14_2011_F02,Ht18-14,2012-SFC_09_07,5060,1-May-12,2011,70,NA,NA,2012-SKT-5060
BMAG047,GTGAAA,F02,Ht19-14_2012_F02,Ht19-14,SFC_09_11,6407,6-Mar-13,2012,70,NA,NA,2013-SKT-6407
BMAG047,CCGTCC,F03,Ht16-22_2011_F03,Ht16-22,SFC_09_18,1222,13-Sep-11,2011,50,NA,NA,2011-FMWT-1222
BMAG047,GTCCGC,F03,Ht18-22_2011_F03,Ht18-22,2012-SFC_09_07,5061,2-May-12,2011,69,NA,NA,2012-SKT-5061
BMAG047,GTGAAA,F03,Ht19-22_2012_F03,Ht19-22,SFC_09_11,6408,6-Mar-13,2012,69,NA,NA,2013-SKT-6408
BMAG047,CCGTCC,F04,Ht16-30_2011_F04,Ht16-30,SFC_09_18,1110,8-Sep-11,2011,NA,NA,NA,2011-FMWT-1110
BMAG047,GTCCGC,F04,Ht18-30_2011_F04,Ht18-30,2012-SFC_09_07,5062,2-May-12,2011,68,NA,NA,2012-SKT-5062
BMAG047,GTGAAA,F04,Ht19-30_2012_F04,Ht19-30,SFC_09_11,6409,6-Mar-13,2012,75,NA,NA,2013-SKT-6409
BMAG047,CCGTCC,F05,Ht16-38_2011_F05,Ht16-38,SFC_09_18,1082,25-Aug-11,2011,42,NA,NA,2011-TNS-1082
BMAG047,GTCCGC,F05,Ht18-38_2011_F05,Ht18-38,2012-SFC_09_07,5063,2-May-12,2011,65,NA,NA,2012-SKT-5063
BMAG047,GTGAAA,F05,Ht19-38_2012_F05,Ht19-38,SFC_09_11,6410,6-Mar-13,2012,76,NA,NA,2013-SKT-6410
BMAG047,CCGTCC,F06,Ht16-46_2011_F06,Ht16-46,SFC_09_18,1074,25-Aug-11,2011,43,NA,NA,2011-TNS-1074
BMAG047,GTCCGC,F06,Ht18-46_2011_F06,Ht18-46,2012-SFC_09_07,5064,2-May-12,2011,69,NA,NA,2012-SKT-5064
BMAG047,GTGAAA,F06,Ht19-46_2012_F06,Ht19-46,SFC_09_11,6411,7-Mar-13,2012,83,NA,NA,2013-SKT-6411
BMAG047,CCGTCC,F07,Ht16-54_2011_F07,Ht16-54,SFC_09_18,1064,25-Aug-11,2011,37,NA,NA,2011-TNS-1064
BMAG047,GTCCGC,F07,Ht18-54_2011_F07,Ht18-54,2012-SFC_09_07,5065,2-May-12,2011,70,NA,NA,2012-SKT-5065
BMAG047,GTGAAA,F07,Ht19-54_2012_F07,Ht19-54,SFC_09_11,6412,7-Mar-13,2012,74,NA,NA,2013-SKT-6412
BMAG047,CCGTCC,F08,Ht16-62_2011_F08,Ht16-62,SFC_09_18,1065,25-Aug-11,2011,40,NA,NA,2011-TNS-1065
BMAG047,GTCCGC,F08,Ht18-62_2011_F08,Ht18-62,2012-SFC_09_07,5066,2-May-12,2011,65,NA,NA,2012-SKT-5066
BMAG047,GTGAAA,F08,Ht19-62_2012_F08,Ht19-62,SFC_09_11,6413,7-Mar-13,2012,79,NA,NA,2013-SKT-6413
BMAG047,CCGTCC,F09,Ht16-70_2011_F09,Ht16-70,SFC_09_18,1390,23-Aug-11,2011,40,NA,NA,2011-TNS-1390
BMAG047,GTCCGC,F09,Ht18-70_2011_F09,Ht18-70,2012-SFC_09_07,5067,2-May-12,2011,64,NA,NA,2012-SKT-5067
BMAG047,GTGAAA,F09,Ht19-70_2012_F09,Ht19-70,SFC_09_11,6414,7-Mar-13,2012,77,NA,NA,2013-SKT-6414
BMAG047,CCGTCC,F10,Ht16-78_2011_F10,Ht16-78,SFC_09_18,1379,23-Aug-11,2011,36,NA,NA,2011-TNS-1379
BMAG047,GTCCGC,F10,Ht18-78_2011_F10,Ht18-78,2012-SFC_09_07,5068,2-May-12,2011,66,NA,NA,2012-SKT-5068
BMAG047,GTGAAA,F10,Ht19-78_2012_F10,Ht19-78,SFC_09_11,6415,7-Mar-13,2012,68,NA,NA,2013-SKT-6415
BMAG047,CCGTCC,F11,Ht16-86_2011_F11,Ht16-86,SFC_09_18,2812,10-Nov-11,2011,NA,NA,NA,2011-FMWT-2812
BMAG047,GTCCGC,F11,Ht18-86_2011_F11,Ht18-86,2012-SFC_09_07,5069,2-May-12,2011,64,NA,NA,2012-SKT-5069
BMAG047,GTGAAA,F11,Ht19-86_2012_F11,Ht19-86,SFC_09_11,6416,6-Mar-13,2012,66,NA,NA,2013-SKT-6416
BMAG047,CCGTCC,F12,Ht16-94_2011_F12,Ht16-94,SFC_09_18,2788,9-Nov-11,2011,NA,NA,NA,2011-FMWT-2788
BMAG047,GTCCGC,F12,Ht18-94_2011_F12,Ht18-94,2012-SFC_09_07,5070,2-May-12,2011,80,NA,NA,2012-SKT-5070
BMAG047,GTGAAA,F12,Ht19-94_2012_F12,Ht19-94,SFC_09_11,6417,6-Mar-13,2012,62,NA,NA,2013-SKT-6417
BMAG047,CCGTCC,G01,Ht16-07_2011_G01,Ht16-7,SFC_09_18,1369,23-Aug-11,2011,50,NA,NA,2011-TNS-1369
BMAG047,GTCCGC,G01,Ht18-07_2011_G01,Ht18-7,2012-SFC_09_07,5071,2-May-12,2011,74,NA,NA,2012-SKT-5071
BMAG047,GTGAAA,G01,Ht19-07_2012_G01,Ht19-7,SFC_09_11,6418,6-Mar-13,2012,64,NA,NA,2013-SKT-6418
BMAG047,CCGTCC,G02,Ht16-15_2011_G02,Ht16-15,SFC_09_18,1297,13-Sep-11,2011,66,NA,NA,2011-FMWT-1297
BMAG047,GTCCGC,G02,Ht18-15_2011_G02,Ht18-15,2012-SFC_09_07,5072,2-May-12,2011,70,NA,NA,2012-SKT-5072
BMAG047,GTGAAA,G02,Ht19-15_2012_G02,Ht19-15,SFC_09_11,6419,6-Mar-13,2012,66,NA,NA,2013-SKT-6419
BMAG047,CCGTCC,G03,Ht16-23_2011_G03,Ht16-23,SFC_09_18,1261,13-Sep-11,2011,44,NA,NA,2011-FMWT-1261
BMAG047,GTCCGC,G03,Ht18-23_2011_G03,Ht18-23,2012-SFC_09_07,5073,2-May-12,2011,70,NA,NA,2012-SKT-5073
BMAG047,GTGAAA,G03,Ht19-23_2012_G03,Ht19-23,SFC_09_11,6420,6-Mar-13,2012,70,NA,NA,2013-SKT-6420
BMAG047,CCGTCC,G04,Ht16-31_2011_G04,Ht16-31,SFC_09_18,1229,13-Sep-11,2011,46,NA,NA,2011-FMWT-1229
BMAG047,GTCCGC,G04,Ht18-31_2011_G04,Ht18-31,2012-SFC_09_07,5074,2-May-12,2011,70,NA,NA,2012-SKT-5074
BMAG047,GTGAAA,G04,Ht19-31_2012_G04,Ht19-31,SFC_09_11,6421,6-Mar-13,2012,66,NA,NA,2013-SKT-6421
BMAG047,CCGTCC,G05,Ht16-39_2011_G05,Ht16-39,SFC_09_18,1117,8-Sep-11,2011,NA,NA,NA,2011-FMWT-1117
BMAG047,GTCCGC,G05,Ht18-39_2011_G05,Ht18-39,2012-SFC_09_07,5075,2-May-12,2011,71,NA,NA,2012-SKT-5075
BMAG047,GTGAAA,G05,Ht19-39_2012_G05,Ht19-39,SFC_09_11,6422,6-Mar-13,2012,80,NA,NA,2013-SKT-6422
BMAG047,CCGTCC,G06,Ht16-47_2011_G06,Ht16-47,SFC_09_18,1083,25-Aug-11,2011,44,NA,NA,2011-TNS-1083
BMAG047,GTCCGC,G06,Ht18-47_2011_G06,Ht18-47,2012-SFC_09_07,5077,2-May-12,2011,66,NA,NA,2012-SKT-5077
BMAG047,GTGAAA,G06,Ht19-47_2012_G06,Ht19-47,SFC_09_11,6423,6-Mar-13,2012,68,NA,NA,2013-SKT-6423
BMAG047,CCGTCC,G07,Ht16-55_2011_G07,Ht16-55,SFC_09_18,1075,25-Aug-11,2011,40,NA,NA,2011-TNS-1075
BMAG047,GTCCGC,G07,Ht18-55_2011_G07,Ht18-55,2012-SFC_09_07,5078,2-May-12,2011,68,NA,NA,2012-SKT-5078
BMAG047,GTGAAA,G07,Ht19-55_2012_G07,Ht19-55,SFC_09_11,6424,6-Mar-13,2012,73,NA,NA,2013-SKT-6424
BMAG047,CCGTCC,G08,Ht16-63_2011_G08,Ht16-63,SFC_09_18,1076,25-Aug-11,2011,45,NA,NA,2011-TNS-1076
BMAG047,GTCCGC,G08,Ht18-63_2011_G08,Ht18-63,2012-SFC_09_07,5079,2-May-12,2011,65,NA,NA,2012-SKT-5079
BMAG047,GTGAAA,G08,Ht19-63_2012_G08,Ht19-63,SFC_09_11,6425,6-Mar-13,2012,64,NA,NA,2013-SKT-6425
BMAG047,CCGTCC,G09,Ht16-71_2011_G09,Ht16-71,SFC_09_18,1066,25-Aug-11,2011,47,NA,NA,2011-TNS-1066
BMAG047,GTCCGC,G09,Ht18-71_2011_G09,Ht18-71,2012-SFC_09_07,5080,2-May-12,2011,70,NA,NA,2012-SKT-5080
BMAG047,GTGAAA,G09,Ht19-71_2012_G09,Ht19-71,SFC_09_11,6426,6-Mar-13,2012,69,NA,NA,2013-SKT-6426
BMAG047,CCGTCC,G10,Ht16-79_2011_G10,Ht16-79,SFC_09_18,1391,23-Aug-11,2011,39,NA,NA,2011-TNS-1391
BMAG047,GTCCGC,G10,Ht18-79_2011_G10,Ht18-79,2012-SFC_09_07,5081,2-May-12,2011,72,NA,NA,2012-SKT-5081
BMAG047,GTGAAA,G10,Ht19-79_2012_G10,Ht19-79,SFC_09_11,6427,6-Mar-13,2012,72,NA,NA,2013-SKT-6427
BMAG047,CCGTCC,G11,Ht16-87_2011_G11,Ht16-87,SFC_09_18,2846,15-Nov-11,2011,NA,NA,NA,2011-FMWT-2846
BMAG047,GTCCGC,G11,Ht18-87_2011_G11,Ht18-87,2012-SFC_09_07,5082,2-May-12,2011,71,NA,NA,2012-SKT-5082
BMAG047,GTGAAA,G11,Ht19-87_2012_G11,Ht19-87,SFC_09_11,6428,6-Mar-13,2012,66,NA,NA,2013-SKT-6428
BMAG047,CCGTCC,G12,Ht16-95_2011_G12,Ht16-95,SFC_09_18,2813,10-Nov-11,2011,NA,NA,NA,2011-FMWT-2813
BMAG047,GTCCGC,G12,Ht18-95_2011_G12,Ht18-95,2012-SFC_09_07,5083,2-May-12,2011,68,NA,NA,2012-SKT-5083
BMAG047,GTGAAA,G12,Ht19-95_2012_G12,Ht19-95,SFC_09_11,6429,6-Mar-13,2012,75,NA,NA,2013-SKT-6429
BMAG047,CCGTCC,H01,Ht16-08_2011_H01,Ht16-8,SFC_09_18,1380,23-Aug-11,2011,40,NA,NA,2011-TNS-1380
BMAG047,GTCCGC,H01,Ht18-08_2011_H01,Ht18-8,2012-SFC_09_07,5084,2-May-12,2011,70,NA,NA,2012-SKT-5084
BMAG047,GTGAAA,H01,Ht19-08_2012_H01,Ht19-8,SFC_09_11,6430,6-Mar-13,2012,70,NA,NA,2013-SKT-6430
BMAG047,CCGTCC,H02,Ht16-16_2011_H02,Ht16-16,SFC_09_18,1370,23-Aug-11,2011,52,NA,NA,2011-TNS-1370
BMAG047,GTCCGC,H02,Ht18-16_2011_H02,Ht18-16,2012-SFC_09_07,5086,2-May-12,2011,69,NA,NA,2012-SKT-5086
BMAG047,GTGAAA,H02,Ht19-16_2012_H02,Ht19-16,SFC_09_11,6431,6-Mar-13,2012,68,NA,NA,2013-SKT-6431
BMAG047,CCGTCC,H03,Ht16-24_2011_H03,Ht16-24,SFC_09_18,1298,13-Sep-11,2011,66,NA,NA,2011-FMWT-1298
BMAG047,GTCCGC,H03,Ht18-24_2011_H03,Ht18-24,2012-SFC_09_07,5087,2-May-12,2011,65,NA,NA,2012-SKT-5087
BMAG047,GTGAAA,H03,Ht19-24_2012_H03,Ht19-24,SFC_09_11,6432,6-Mar-13,2012,64,NA,NA,2013-SKT-6432
BMAG047,CCGTCC,H04,Ht16-32_2011_H04,Ht16-32,SFC_09_18,1262,13-Sep-11,2011,55,NA,NA,2011-FMWT-1262
BMAG047,GTCCGC,H04,Ht18-32_2011_H04,Ht18-32,2012-SFC_09_07,5088,2-May-12,2011,69,NA,NA,2012-SKT-5088
BMAG047,GTGAAA,H04,Ht19-32_2012_H04,Ht19-32,SFC_09_11,6433,6-Mar-13,2012,69,NA,NA,2013-SKT-6433
BMAG047,CCGTCC,H05,Ht16-40_2011_H05,Ht16-40,SFC_09_18,1253,13-Sep-11,2011,65,NA,NA,2011-FMWT-1253
BMAG047,GTCCGC,H05,Ht18-40_2011_H05,Ht18-40,2012-SFC_09_07,5089,2-May-12,2011,70,NA,NA,2012-SKT-5089
BMAG047,GTGAAA,H05,Ht19-40_2012_H05,Ht19-40,SFC_09_11,6434,6-Mar-13,2012,60,NA,NA,2013-SKT-6434
BMAG047,CCGTCC,H06,Ht16-48_2011_H06,Ht16-48,SFC_09_18,1118,8-Sep-11,2011,NA,NA,NA,2011-FMWT-1118
BMAG047,GTCCGC,H06,Ht18-48_2011_H06,Ht18-48,2012-SFC_09_07,5090,2-May-12,2011,70,NA,NA,2012-SKT-5090
BMAG047,GTGAAA,H06,Ht19-48_2012_H06,Ht19-48,SFC_09_11,6435,6-Mar-13,2012,69,NA,NA,2013-SKT-6435
BMAG047,CCGTCC,H07,Ht16-56_2011_H07,Ht16-56,SFC_09_18,1121,8-Sep-11,2011,NA,NA,NA,2011-FMWT-1121
BMAG047,GTCCGC,H07,Ht18-56_2011_H07,Ht18-56,2012-SFC_09_07,5091,2-May-12,2011,65,NA,NA,2012-SKT-5091
BMAG047,GTGAAA,H07,Ht19-56_2012_H07,Ht19-56,SFC_09_11,6436,6-Mar-13,2012,69,NA,NA,2013-SKT-6436
BMAG047,CCGTCC,H08,Ht16-64_2011_H08,Ht16-64,SFC_09_18,1085,25-Aug-11,2011,59,NA,NA,2011-TNS-1085
BMAG047,GTCCGC,H08,Ht18-64_2011_H08,Ht18-64,2012-SFC_09_07,5094,2-May-12,2011,69,NA,NA,2012-SKT-5094
BMAG047,GTGAAA,H08,Ht19-64_2012_H08,Ht19-64,SFC_09_11,6437,6-Mar-13,2012,68,NA,NA,2013-SKT-6437
BMAG047,CCGTCC,H09,Ht16-72_2011_H09,Ht16-72,SFC_09_18,1077,25-Aug-11,2011,47,NA,NA,2011-TNS-1077
BMAG047,GTCCGC,H09,Ht18-72_2011_H09,Ht18-72,2012-SFC_09_07,5095,2-May-12,2011,70,NA,NA,2012-SKT-5095
BMAG047,GTGAAA,H09,Ht19-72_2012_H09,Ht19-72,SFC_09_11,6438,6-Mar-13,2012,69,NA,NA,2013-SKT-6438
BMAG047,CCGTCC,H10,Ht16-80_2011_H10,Ht16-80,SFC_09_18,1392,23-Aug-11,2011,40,NA,NA,2011-TNS-1392
BMAG047,GTCCGC,H10,Ht18-80_2011_H10,Ht18-80,2012-SFC_09_07,5096,2-May-12,2011,69,NA,NA,2012-SKT-5096
BMAG047,GTGAAA,H10,Ht19-80_2012_H10,Ht19-80,SFC_09_11,6439,6-Mar-13,2012,65,NA,NA,2013-SKT-6439
BMAG047,CCGTCC,H11,Ht16-88_2011_H11,Ht16-88,SFC_09_18,2979,21-Nov-11,2011,NA,NA,NA,2011-FMWT-2979
BMAG047,GTCCGC,H11,Ht18-88_2011_H11,Ht18-88,2012-SFC_09_07,5097,2-May-12,2011,63,NA,NA,2012-SKT-5097
BMAG047,GTGAAA,H11,Ht19-88_2012_H11,Ht19-88,SFC_09_11,6440,7-Mar-13,2012,70,NA,NA,2013-SKT-6440
BMAG047,CCGTCC,H12,Ht16-96_2011_H12,Ht16-96,SFC_09_18,2847,15-Nov-11,2011,NA,NA,NA,2011-FMWT-2847
BMAG047,GTCCGC,H12,Ht18-96_2011_H12,Ht18-96,2012-SFC_09_07,5098,2-May-12,2011,69,NA,NA,2012-SKT-5098
BMAG047,GTGAAA,H12,Ht19-96_2012_H12,Ht19-96,SFC_09_11,6441,7-Mar-13,2012,80,NA,NA,2013-SKT-6441
BMAG048,GTGGCC,A01,Ht20-01_2012_A01,Ht20-1,SFC_09_10,6132,11-Dec-12,2012,NA,NA,NA,2012-FMWT-6132
BMAG048,CGTACG,A01,Ht22-01_2013_A01,Ht22-1,SFC_09_15,189,16-Jan-14,2013,70,NA,NA,2014-SKT-0189
BMAG048,ATTCCT,A01,Ht27-01_2014_A01,Ht27-1,2014_BLOCK_2,195,21-Aug-14,2014,NA,NA,NA,2014-GES-195
BMAG048,ACTGAT,A01,Ht25-01_2014_A01,Ht25-1,2014_BLOCK_1,267,25-Sep-14,2014,NA,NA,NA,2014-GES-267
BMAG048,GTGGCC,A02,Ht20-09_2012_A02,Ht20-9,SFC_09_10,6141,check COC,2012,NA,NA,NA,most likely FMWT 2012
BMAG048,CGTACG,A02,Ht22-09_2013_A02,Ht22-9,SFC_09_15,191,16-Jan-14,2013,71,NA,NA,2014-SKT-0191
BMAG048,ATTCCT,A02,Ht27-09_2014_A02,Ht27-9,2014_BLOCK_2,197,21-Aug-14,2014,NA,NA,NA,2014-GES-197
BMAG048,ACTGAT,A02,Ht25-09_2014_A02,Ht25-9,2014_BLOCK_1,275,25-Sep-14,2014,NA,NA,NA,2014-GES-275
BMAG048,GTGGCC,A03,Ht20-17_2012_A03,Ht20-17,SFC_09_10,6148,11-Dec-12,2012,NA,NA,NA,2012-FMWT-6148
BMAG048,CGTACG,A03,Ht22-17_2013_A03,Ht22-17,SFC_09_15,192,16-Jan-14,2013,69,NA,NA,2014-SKT-0192
BMAG048,ATTCCT,A03,Ht27-17_2014_A03,Ht27-17,2014_BLOCK_2,200,21-Aug-14,2014,NA,NA,NA,2014-GES-200
BMAG048,ACTGAT,A03,Ht25-17_2014_A03,Ht25-17,2014_BLOCK_1,283,25-Sep-14,2014,NA,NA,NA,2014-GES-283
BMAG048,GTGGCC,A04,Ht20-25_2012_A04,Ht20-25,SFC_09_10,6188,12-Dec-12,2012,NA,NA,NA,2012-FMWT-6188
BMAG048,CGTACG,A04,Ht22-25_2013_A04,Ht22-25,SFC_09_15,197,16-Jan-14,2013,74,NA,NA,2014-SKT-0197
BMAG048,ATTCCT,A04,Ht27-25_2014_A04,Ht27-25,2014_BLOCK_2,203,21-Aug-14,2014,NA,NA,NA,2014-GES-203
BMAG048,ACTGAT,A04,Ht25-25_2014_A04,Ht25-25,2014_BLOCK_1,290,25-Sep-14,2014,NA,NA,NA,2014-GES-290
BMAG048,GTGGCC,A05,Ht20-33_2012_A05,Ht20-33,SFC_09_10,6196,7-Feb-13,2012,NA,NA,NA,2013-SKT-6196
BMAG048,CGTACG,A05,Ht22-33_2013_A05,Ht22-33,SFC_09_15,301,16-Jan-14,2013,65,NA,NA,2014-SKT-0301
BMAG048,ATTCCT,A05,Ht27-33_2014_A05,Ht27-33,2014_BLOCK_2,206,21-Aug-14,2014,NA,NA,NA,2014-GES-206
BMAG048,ACTGAT,A05,Ht25-33_2014_A05,Ht25-33,2014_BLOCK_1,296,25-Sep-14,2014,NA,NA,NA,2014-GES-296
BMAG048,GTGGCC,A06,Ht20-41_2012_A06,Ht20-41,SFC_09_10,6198,7-Feb-13,2012,NA,NA,NA,2013-SKT-6198
BMAG048,CGTACG,A06,Ht22-41_2013_A06,Ht22-41,SFC_09_15,303,16-Jan-14,2013,73,NA,NA,2014-SKT-0303
BMAG048,ATTCCT,A06,Ht27-41_2014_A06,Ht27-41,2014_BLOCK_2,207,21-Aug-14,2014,NA,NA,NA,2014-GES-207
BMAG048,ACTGAT,A06,Ht25-41_2014_A06,Ht25-41,2014_BLOCK_1,300,25-Sep-14,2014,NA,NA,NA,2014-GES-300
BMAG048,GTGGCC,A07,Ht20-49_2012_A07,Ht20-49,SFC_09_10,6201,7-Feb-13,2012,NA,NA,NA,2013-SKT-6201
BMAG048,CGTACG,A07,Ht22-49_2013_A07,Ht22-49,SFC_09_15,306,16-Jan-14,2013,56,NA,NA,2014-SKT-0306
BMAG048,ATTCCT,A07,Ht27-49_2014_A07,Ht27-49,2014_BLOCK_2,219,21-Aug-14,2014,NA,NA,NA,2014-GES-219
BMAG048,ACTGAT,A07,Ht25-49_2014_A07,Ht25-49,2014_BLOCK_1,316,25-Sep-14,2014,NA,NA,NA,2014-GES-316
BMAG048,GTGGCC,A08,Ht20-57_2012_A08,Ht20-57,SFC_09_10,6205,7-Feb-13,2012,NA,NA,NA,2013-SKT-6205
BMAG048,CGTACG,A08,Ht22-57_2013_A08,Ht22-57,SFC_09_15,310,16-Jan-14,2013,57,NA,NA,2014-SKT-0310
BMAG048,ATTCCT,A08,Ht27-57_2014_A08,Ht27-57,2014_BLOCK_2,222,21-Aug-14,2014,NA,NA,NA,2014-GES-222
BMAG048,ACTGAT,A08,Ht25-57_2014_A08,Ht25-57,2014_BLOCK_1,254,25-Sep-14,2014,NA,NA,NA,2014-GES-254
BMAG048,GTGGCC,A09,Ht20-65_2012_A09,Ht20-65,SFC_09_10,6206,8-Jan-13,2012,NA,NA,NA,2013-SKT-6206
BMAG048,CGTACG,A09,Ht22-65_2013_A09,Ht22-65,SFC_09_15,313,16-Jan-14,2013,65,NA,NA,2014-SKT-0313
BMAG048,ATTCCT,A09,Ht27-65_2014_A09,Ht27-65,2014_BLOCK_2,226,21-Aug-14,2014,NA,NA,NA,2014-GES-226
BMAG048,ACTGAT,A09,Ht25-65_2014_A09,Ht25-65,2014_BLOCK_1,258,25-Sep-14,2014,NA,NA,NA,2014-GES-258
BMAG048,GTGGCC,A10,Ht20-73_2012_A10,Ht20-73,SFC_09_10,6207,9-Jan-13,2012,NA,NA,NA,2013-SKT-6207
BMAG048,CGTACG,A10,Ht22-73_2013_A10,Ht22-73,SFC_09_15,314,16-Jan-14,2013,59,NA,NA,2014-SKT-0314
BMAG048,ATTCCT,A10,Ht27-73_2014_A10,Ht27-73,2014_BLOCK_2,228,21-Aug-14,2014,NA,NA,NA,2014-GES-228
BMAG048,ACTGAT,A10,Ht25-73_2014_A10,Ht25-73,2014_BLOCK_1,261,25-Sep-14,2014,NA,NA,NA,2014-GES-261
BMAG048,GTGGCC,A11,Ht20-81_2012_A11,Ht20-81,SFC_09_10,6208,9-Jan-13,2012,NA,NA,NA,2013-SKT-6208
BMAG048,CGTACG,A11,Ht22-81_2013_A11,Ht22-81,SFC_09_15,318,16-Jan-14,2013,63,NA,NA,2014-SKT-0318
BMAG048,ATTCCT,A11,Ht27-81_2014_A11,Ht27-81,2014_BLOCK_2,230,21-Aug-14,2014,NA,NA,NA,2014-GES-230
BMAG048,ACTGAT,A11,Ht25-81_2014_A11,Ht25-81,2014_BLOCK_1,264,25-Sep-14,2014,NA,NA,NA,2014-GES-264
BMAG048,GTGGCC,A12,Ht20-89_2012_A12,Ht20-89,SFC_09_10,6209,9-Jan-13,2012,NA,NA,NA,2013-SKT-6209
BMAG048,CGTACG,A12,Ht22-89_2013_A12,Ht22-89,SFC_09_15,321,16-Jan-14,2013,69,NA,NA,2014-SKT-0321
BMAG048,ATTCCT,A12,Ht27-89_2014_A12,Ht27-89,2014_BLOCK_2,202,21-Aug-14,2014,NA,NA,NA,2014-GES-202
BMAG048,ACTGAT,A12,Ht25-89_2014_A12,Ht25-89,2014_BLOCK_1,265,25-Sep-14,2014,NA,NA,NA,2014-GES-265
BMAG048,GTGGCC,B01,Ht20-02_2012_B01,Ht20-2,SFC_09_10,6210,9-Jan-13,2012,NA,NA,NA,2013-SKT-6210
BMAG048,CGTACG,B01,Ht22-02_2013_B01,Ht22-2,SFC_09_15,322,16-Jan-14,2013,61,NA,NA,2014-SKT-0322
BMAG048,ATTCCT,B01,Ht27-02_2014_B01,Ht27-2,2014_BLOCK_2,237,21-Aug-14,2014,NA,NA,NA,2014-GES-237
BMAG048,ACTGAT,B01,Ht25-02_2014_B01,Ht25-2,2014_BLOCK_1,266,25-Sep-14,2014,NA,NA,NA,2014-GES-266
BMAG048,GTGGCC,B02,Ht20-10_2012_B02,Ht20-10,SFC_09_10,6211,9-Jan-13,2012,NA,NA,NA,2013-SKT-6211
BMAG048,CGTACG,B02,Ht22-10_2013_B02,Ht22-10,SFC_09_15,328,16-Jan-14,2013,78,NA,NA,2014-SKT-0328
BMAG048,ATTCCT,B02,Ht27-10_2014_B02,Ht27-10,2014_BLOCK_2,238,21-Aug-14,2014,NA,NA,NA,2014-GES-238
BMAG048,ACTGAT,B02,Ht25-10_2014_B02,Ht25-10,2014_BLOCK_1,271,25-Sep-14,2014,NA,NA,NA,2014-GES-271
BMAG048,GTGGCC,B03,Ht20-18_2012_B03,Ht20-18,SFC_09_10,6212,9-Jan-13,2012,NA,NA,NA,2013-SKT-6212
BMAG048,CGTACG,B03,Ht22-18_2013_B03,Ht22-18,SFC_09_15,329,16-Jan-14,2013,70,NA,NA,2014-SKT-0329
BMAG048,ATTCCT,B03,Ht27-18_2014_B03,Ht27-18,2014_BLOCK_2,242,21-Aug-14,2014,NA,NA,NA,2014-GES-242
BMAG048,ACTGAT,B03,Ht25-18_2014_B03,Ht25-18,2014_BLOCK_1,277,25-Sep-14,2014,NA,NA,NA,2014-GES-277
BMAG048,GTGGCC,B04,Ht20-26_2012_B04,Ht20-26,SFC_09_10,6213,9-Jan-13,2012,NA,NA,NA,2013-SKT-6213
BMAG048,CGTACG,B04,Ht22-26_2013_B04,Ht22-26,SFC_09_15,330,16-Jan-14,2013,57,NA,NA,2014-SKT-0330
BMAG048,ATTCCT,B04,Ht27-26_2014_B04,Ht27-26,2014_BLOCK_2,326,2-Dec-14,2014,NA,NA,NA,2014-GES-326
BMAG048,ACTGAT,B04,Ht25-26_2014_B04,Ht25-26,2014_BLOCK_1,279,25-Sep-14,2014,NA,NA,NA,2014-GES-279
BMAG048,GTGGCC,B05,Ht20-34_2012_B05,Ht20-34,SFC_09_10,6214,9-Jan-13,2012,NA,NA,NA,2013-SKT-6214
BMAG048,CGTACG,B05,Ht22-34_2013_B05,Ht22-34,SFC_09_15,331,16-Jan-14,2013,65,NA,NA,2014-SKT-0331
BMAG048,ATTCCT,B05,Ht27-34_2014_B05,Ht27-34,2014_BLOCK_2,327,2-Dec-14,2014,NA,NA,NA,2014-GES-327
BMAG048,ACTGAT,B05,Ht25-34_2014_B05,Ht25-34,2014_BLOCK_1,280,25-Sep-14,2014,NA,NA,NA,2014-GES-280
BMAG048,GTGGCC,B06,Ht20-42_2012_B06,Ht20-42,SFC_09_10,6215,9-Jan-13,2012,NA,NA,NA,2013-SKT-6215
BMAG048,CGTACG,B06,Ht22-42_2013_B06,Ht22-42,SFC_09_15,332,16-Jan-14,2013,67,NA,NA,2014-SKT-0332
BMAG048,ATTCCT,B06,Ht27-42_2014_B06,Ht27-42,2014_BLOCK_2,328,2-Dec-14,2014,NA,NA,NA,2014-GES-328
BMAG048,ACTGAT,B06,Ht25-42_2014_B06,Ht25-42,2014_BLOCK_1,282,25-Sep-14,2014,NA,NA,NA,2014-GES-282
BMAG048,GTGGCC,B07,Ht20-50_2012_B07,Ht20-50,SFC_09_10,6216,9-Jan-13,2012,NA,NA,NA,2013-SKT-6216
BMAG048,CGTACG,B07,Ht22-50_2013_B07,Ht22-50,SFC_09_15,333,16-Jan-14,2013,70,NA,NA,2014-SKT-0333
BMAG048,ATTCCT,B07,Ht27-50_2014_B07,Ht27-50,2014_BLOCK_2,329,2-Dec-14,2014,NA,NA,NA,2014-GES-329
BMAG048,ACTGAT,B07,Ht25-50_2014_B07,Ht25-50,2014_BLOCK_1,286,25-Sep-14,2014,NA,NA,NA,2014-GES-286
BMAG048,GTGGCC,B08,Ht20-58_2012_B08,Ht20-58,SFC_09_10,6217,9-Jan-13,2012,NA,NA,NA,2013-SKT-6217
BMAG048,CGTACG,B08,Ht22-58_2013_B08,Ht22-58,SFC_09_15,334,16-Jan-14,2013,74,NA,NA,2014-SKT-0334
BMAG048,ATTCCT,B08,Ht27-58_2014_B08,Ht27-58,2014_BLOCK_2,330,2-Dec-14,2014,NA,NA,NA,2014-GES-330
BMAG048,ACTGAT,B08,Ht25-58_2014_B08,Ht25-58,2014_BLOCK_1,287,25-Sep-14,2014,NA,NA,NA,2014-GES-287
BMAG048,GTGGCC,B09,Ht20-66_2012_B09,Ht20-66,SFC_09_10,6218,9-Jan-13,2012,NA,NA,NA,2013-SKT-6218
BMAG048,CGTACG,B09,Ht22-66_2013_B09,Ht22-66,SFC_09_15,335,16-Jan-14,2013,64,NA,NA,2014-SKT-0335
BMAG048,ATTCCT,B09,Ht27-66_2014_B09,Ht27-66,2014_BLOCK_2,233,21-Aug-14,2014,NA,NA,NA,2014-GES-233
BMAG048,ACTGAT,B09,Ht25-66_2014_B09,Ht25-66,2014_BLOCK_1,288,25-Sep-14,2014,NA,NA,NA,2014-GES-288
BMAG048,GTGGCC,B10,Ht20-74_2012_B10,Ht20-74,SFC_09_10,6219,9-Jan-13,2012,NA,NA,NA,2013-SKT-6219
BMAG048,CGTACG,B10,Ht22-74_2013_B10,Ht22-74,SFC_09_15,336,16-Jan-14,2013,69,NA,NA,2014-SKT-0336
BMAG048,ATTCCT,B10,Ht27-74_2014_B10,Ht27-74,2014_BLOCK_2,331,2-Dec-14,2014,NA,NA,NA,2014-GES-331
BMAG048,ACTGAT,B10,Ht25-74_2014_B10,Ht25-74,2014_BLOCK_1,291,25-Sep-14,2014,NA,NA,NA,2014-GES-291
BMAG048,GTGGCC,B11,Ht20-82_2012_B11,Ht20-82,SFC_09_10,6220,9-Jan-13,2012,NA,NA,NA,2013-SKT-6220
BMAG048,CGTACG,B11,Ht22-82_2013_B11,Ht22-82,SFC_09_15,337,16-Jan-14,2013,66,NA,NA,2014-SKT-0337
BMAG048,ATTCCT,B11,Ht27-82_2014_B11,Ht27-82,2014_BLOCK_2,332,2-Dec-14,2014,NA,NA,NA,2014-GES-332
BMAG048,ACTGAT,B11,Ht25-82_2014_B11,Ht25-82,2014_BLOCK_1,292,25-Sep-14,2014,NA,NA,NA,2014-GES-292
BMAG048,GTGGCC,B12,Ht20-90_2012_B12,Ht20-90,SFC_09_10,6221,9-Jan-13,2012,NA,NA,NA,2013-SKT-6221
BMAG048,CGTACG,B12,Ht22-90_2013_B12,Ht22-90,SFC_09_15,338,16-Jan-14,2013,63,NA,NA,2014-SKT-0338
BMAG048,ATTCCT,B12,Ht27-90_2014_B12,Ht27-90,2014_BLOCK_2,333,2-Dec-14,2014,NA,NA,NA,2014-GES-333
BMAG048,ACTGAT,B12,Ht25-90_2014_B12,Ht25-90,2014_BLOCK_1,294,25-Sep-14,2014,NA,NA,NA,2014-GES-294
BMAG048,GTGGCC,C01,Ht20-03_2012_C01,Ht20-3,SFC_09_10,6222,9-Jan-13,2012,NA,NA,NA,2013-SKT-6222
BMAG048,CGTACG,C01,Ht22-03_2013_C01,Ht22-3,SFC_09_15,339,16-Jan-14,2013,69,NA,NA,2014-SKT-0339
BMAG048,ATTCCT,C01,Ht27-03_2014_C01,Ht27-3,2014_BLOCK_2,334,2-Dec-14,2014,NA,NA,NA,2014-GES-334
BMAG048,ACTGAT,C01,Ht25-03_2014_C01,Ht25-3,2014_BLOCK_1,297,25-Sep-14,2014,NA,NA,NA,2014-GES-297
BMAG048,GTGGCC,C02,Ht20-11_2012_C02,Ht20-11,SFC_09_10,6223,9-Jan-13,2012,NA,NA,NA,2013-SKT-6223
BMAG048,CGTACG,C02,Ht22-11_2013_C02,Ht22-11,SFC_09_15,340,16-Jan-14,2013,68,NA,NA,2014-SKT-0340
BMAG048,ATTCCT,C02,Ht27-11_2014_C02,Ht27-11,2014_BLOCK_2,335,2-Dec-14,2014,NA,NA,NA,2014-GES-335
BMAG048,ACTGAT,C02,Ht25-11_2014_C02,Ht25-11,2014_BLOCK_1,298,25-Sep-14,2014,NA,NA,NA,2014-GES-298
BMAG048,GTGGCC,C03,Ht20-19_2012_C03,Ht20-19,SFC_09_10,6224,9-Jan-13,2012,NA,NA,NA,2013-SKT-6224
BMAG048,CGTACG,C03,Ht22-19_2013_C03,Ht22-19,SFC_09_15,341,16-Jan-14,2013,65,NA,NA,2014-SKT-0341
BMAG048,ATTCCT,C03,Ht27-19_2014_C03,Ht27-19,2014_BLOCK_2,336,2-Dec-14,2014,NA,NA,NA,2014-GES-336
BMAG048,ACTGAT,C03,Ht25-19_2014_C03,Ht25-19,2014_BLOCK_1,306,25-Sep-14,2014,NA,NA,NA,2014-GES-306
BMAG048,GTGGCC,C04,Ht20-27_2012_C04,Ht20-27,SFC_09_10,6225,9-Jan-13,2012,NA,NA,NA,2013-SKT-6225
BMAG048,CGTACG,C04,Ht22-27_2013_C04,Ht22-27,SFC_09_15,342,16-Jan-14,2013,65,NA,NA,2014-SKT-0342
BMAG048,ATTCCT,C04,Ht27-27_2014_C04,Ht27-27,2014_BLOCK_2,337,2-Dec-14,2014,NA,NA,NA,2014-GES-337
BMAG048,ACTGAT,C04,Ht25-27_2014_C04,Ht25-27,2014_BLOCK_1,312,25-Sep-14,2014,NA,NA,NA,2014-GES-312
BMAG048,GTGGCC,C05,Ht20-35_2012_C05,Ht20-35,SFC_09_10,6226,9-Jan-13,2012,NA,NA,NA,2013-SKT-6226
BMAG048,CGTACG,C05,Ht22-35_2013_C05,Ht22-35,SFC_09_15,343,16-Jan-14,2013,73,NA,NA,2014-SKT-0343
BMAG048,ATTCCT,C05,Ht27-35_2014_C05,Ht27-35,2014_BLOCK_2,338,2-Dec-14,2014,NA,NA,NA,2014-GES-338
BMAG048,ACTGAT,C05,Ht25-35_2014_C05,Ht25-35,2014_BLOCK_1,315,25-Sep-14,2014,NA,NA,NA,2014-GES-315
BMAG048,GTGGCC,C06,Ht20-43_2012_C06,Ht20-43,SFC_09_10,6227,9-Jan-13,2012,NA,NA,NA,2013-SKT-6227
BMAG048,CGTACG,C06,Ht22-43_2013_C06,Ht22-43,SFC_09_15,344,16-Jan-14,2013,70,NA,NA,2014-SKT-0344
BMAG048,ATTCCT,C06,Ht27-43_2014_C06,Ht27-43,2014_BLOCK_2,339,2-Dec-14,2014,NA,NA,NA,2014-GES-339
BMAG048,ACTGAT,C06,Ht25-43_2014_C06,Ht25-43,2014_BLOCK_1,319,25-Sep-14,2014,NA,NA,NA,2014-GES-319
BMAG048,GTGGCC,C07,Ht20-51_2012_C07,Ht20-51,SFC_09_10,6228,9-Jan-13,2012,NA,NA,NA,2013-SKT-6228
BMAG048,CGTACG,C07,Ht22-51_2013_C07,Ht22-51,SFC_09_15,345,16-Jan-14,2013,74,NA,NA,2014-SKT-0345
BMAG048,ATTCCT,C07,Ht27-51_2014_C07,Ht27-51,2014_BLOCK_2,6,21-Aug-14,2014,NA,NA,NA,2014-GES-6
BMAG048,ACTGAT,C07,Ht25-51_2014_C07,Ht25-51,2014_BLOCK_1,4,21-Aug-14,2014,NA,NA,NA,2014-GES-4
BMAG048,GTGGCC,C08,Ht20-59_2012_C08,Ht20-59,SFC_09_10,6229,9-Jan-13,2012,NA,NA,NA,2013-SKT-6229
BMAG048,CGTACG,C08,Ht22-59_2013_C08,Ht22-59,SFC_09_15,346,16-Jan-14,2013,64,NA,NA,2014-SKT-0346
BMAG048,ATTCCT,C08,Ht27-59_2014_C08,Ht27-59,2014_BLOCK_2,8,21-Aug-14,2014,NA,NA,NA,2014-GES-8
BMAG048,ACTGAT,C08,Ht25-59_2014_C08,Ht25-59,2014_BLOCK_1,18,21-Aug-14,2014,NA,NA,NA,2014-GES-18
BMAG048,GTGGCC,C09,Ht20-67_2012_C09,Ht20-67,SFC_09_10,6230,9-Jan-13,2012,NA,NA,NA,2013-SKT-6230
BMAG048,CGTACG,C09,Ht22-67_2013_C09,Ht22-67,SFC_09_15,347,16-Jan-14,2013,73,NA,NA,2014-SKT-0347
BMAG048,ATTCCT,C09,Ht27-67_2014_C09,Ht27-67,2014_BLOCK_2,10,21-Aug-14,2014,NA,NA,NA,2014-GES-10
BMAG048,ACTGAT,C09,Ht25-67_2014_C09,Ht25-67,2014_BLOCK_1,28,21-Aug-14,2014,NA,NA,NA,2014-GES-28
BMAG048,GTGGCC,C10,Ht20-75_2012_C10,Ht20-75,SFC_09_10,6231,9-Jan-13,2012,NA,NA,NA,2013-SKT-6231
BMAG048,CGTACG,C10,Ht22-75_2013_C10,Ht22-75,SFC_09_15,348,16-Jan-14,2013,64,NA,NA,2014-SKT-0348
BMAG048,ATTCCT,C10,Ht27-75_2014_C10,Ht27-75,2014_BLOCK_2,11,21-Aug-14,2014,NA,NA,NA,2014-GES-11
BMAG048,ACTGAT,C10,Ht25-75_2014_C10,Ht25-75,2014_BLOCK_1,33,21-Aug-14,2014,NA,NA,NA,2014-GES-33
BMAG048,GTGGCC,C11,Ht20-83_2012_C11,Ht20-83,SFC_09_10,6232,9-Jan-13,2012,NA,NA,NA,2013-SKT-6232
BMAG048,CGTACG,C11,Ht22-83_2013_C11,Ht22-83,SFC_09_15,351,11-Feb-14,2013,67,NA,NA,2014-SKT-0351
BMAG048,ATTCCT,C11,Ht27-83_2014_C11,Ht27-83,2014_BLOCK_2,14,21-Aug-14,2014,NA,NA,NA,2014-GES-14
BMAG048,ACTGAT,C11,Ht25-83_2014_C11,Ht25-83,2014_BLOCK_1,38,21-Aug-14,2014,NA,NA,NA,2014-GES-38
BMAG048,GTGGCC,C12,Ht20-91_2012_C12,Ht20-91,SFC_09_10,6233,9-Jan-13,2012,NA,NA,NA,2013-SKT-6233
BMAG048,CGTACG,C12,Ht22-91_2013_C12,Ht22-91,SFC_09_15,352,11-Feb-14,2013,62,NA,NA,2014-SKT-0352
BMAG048,ATTCCT,C12,Ht27-91_2014_C12,Ht27-91,2014_BLOCK_2,17,21-Aug-14,2014,NA,NA,NA,2014-GES-17
BMAG048,ACTGAT,C12,Ht25-91_2014_C12,Ht25-91,2014_BLOCK_1,57,21-Aug-14,2014,NA,NA,NA,2014-GES-57
BMAG048,GTGGCC,D01,Ht20-04_2012_D01,Ht20-4,SFC_09_10,6234,9-Jan-13,2012,NA,NA,NA,2013-SKT-6234
BMAG048,CGTACG,D01,Ht22-04_2013_D01,Ht22-4,SFC_09_15,353,11-Feb-14,2013,67,NA,NA,2014-SKT-0353
BMAG048,ATTCCT,D01,Ht27-04_2014_D01,Ht27-4,2014_BLOCK_2,23,21-Aug-14,2014,NA,NA,NA,2014-GES-23
BMAG048,ACTGAT,D01,Ht25-04_2014_D01,Ht25-4,2014_BLOCK_1,58,21-Aug-14,2014,NA,NA,NA,2014-GES-58
BMAG048,GTGGCC,D02,Ht20-12_2012_D02,Ht20-12,SFC_09_10,6235,9-Jan-13,2012,NA,NA,NA,2013-SKT-6235
BMAG048,CGTACG,D02,Ht22-12_2013_D02,Ht22-12,SFC_09_15,354,11-Feb-14,2013,71,NA,NA,2014-SKT-0354
BMAG048,ATTCCT,D02,Ht27-12_2014_D02,Ht27-12,2014_BLOCK_2,26,21-Aug-14,2014,NA,NA,NA,2014-GES-26
BMAG048,ACTGAT,D02,Ht25-12_2014_D02,Ht25-12,2014_BLOCK_1,72,21-Aug-14,2014,NA,NA,NA,2014-GES-72
BMAG048,GTGGCC,D03,Ht20-20_2012_D03,Ht20-20,SFC_09_10,6236,9-Jan-13,2012,NA,NA,NA,2013-SKT-6236
BMAG048,CGTACG,D03,Ht22-20_2013_D03,Ht22-20,SFC_09_15,355,11-Feb-14,2013,70,NA,NA,2014-SKT-0355
BMAG048,ATTCCT,D03,Ht27-20_2014_D03,Ht27-20,2014_BLOCK_2,29,21-Aug-14,2014,NA,NA,NA,2014-GES-29
BMAG048,ACTGAT,D03,Ht25-20_2014_D03,Ht25-20,2014_BLOCK_1,105,21-Aug-14,2014,NA,NA,NA,2014-GES-105
BMAG048,GTGGCC,D04,Ht20-28_2012_D04,Ht20-28,SFC_09_10,6237,9-Jan-13,2012,NA,NA,NA,2013-SKT-6237
BMAG048,CGTACG,D04,Ht22-28_2013_D04,Ht22-28,SFC_09_15,356,11-Feb-14,2013,70,NA,NA,2014-SKT-0356
BMAG048,ATTCCT,D04,Ht27-28_2014_D04,Ht27-28,2014_BLOCK_2,31,21-Aug-14,2014,NA,NA,NA,2014-GES-31
BMAG048,ACTGAT,D04,Ht25-28_2014_D04,Ht25-28,2014_BLOCK_1,123,21-Aug-14,2014,NA,NA,NA,2014-GES-123
BMAG048,GTGGCC,D05,Ht20-36_2012_D05,Ht20-36,SFC_09_10,6238,9-Jan-13,2012,NA,NA,NA,2013-SKT-6238
BMAG048,CGTACG,D05,Ht22-36_2013_D05,Ht22-36,SFC_09_15,357,12-Feb-14,2013,63,NA,NA,2014-SKT-0357
BMAG048,ATTCCT,D05,Ht27-36_2014_D05,Ht27-36,2014_BLOCK_2,34,21-Aug-14,2014,NA,NA,NA,2014-GES-34
BMAG048,ACTGAT,D05,Ht25-36_2014_D05,Ht25-36,2014_BLOCK_1,129,21-Aug-14,2014,NA,NA,NA,2014-GES-129
BMAG048,GTGGCC,D06,Ht20-44_2012_D06,Ht20-44,SFC_09_10,6239,9-Jan-13,2012,NA,NA,NA,2013-SKT-6239
BMAG048,CGTACG,D06,Ht22-44_2013_D06,Ht22-44,SFC_09_15,358,12-Feb-14,2013,68,NA,NA,2014-SKT-0358
BMAG048,ATTCCT,D06,Ht27-44_2014_D06,Ht27-44,2014_BLOCK_2,36,21-Aug-14,2014,NA,NA,NA,2014-GES-36
BMAG048,ACTGAT,D06,Ht25-44_2014_D06,Ht25-44,2014_BLOCK_1,255,25-Sep-14,2014,NA,NA,NA,2014-GES-255
BMAG048,GTGGCC,D07,Ht20-52_2012_D07,Ht20-52,SFC_09_10,6240,9-Jan-13,2012,NA,NA,NA,2013-SKT-6240
BMAG048,CGTACG,D07,Ht22-52_2013_D07,Ht22-52,SFC_09_15,359,12-Feb-14,2013,67,NA,NA,2014-SKT-0359
BMAG048,ATTCCT,D07,Ht27-52_2014_D07,Ht27-52,2014_BLOCK_2,40,21-Aug-14,2014,NA,NA,NA,2014-GES-40
BMAG048,ACTGAT,D07,Ht25-52_2014_D07,Ht25-52,2014_BLOCK_1,256,25-Sep-14,2014,NA,NA,NA,2014-GES-256
BMAG048,GTGGCC,D08,Ht20-60_2012_D08,Ht20-60,SFC_09_10,6241,9-Jan-13,2012,NA,NA,NA,2013-SKT-6241
BMAG048,CGTACG,D08,Ht22-60_2013_D08,Ht22-60,SFC_09_15,360,12-Feb-14,2013,70,NA,NA,2014-SKT-0360
BMAG048,ATTCCT,D08,Ht27-60_2014_D08,Ht27-60,2014_BLOCK_2,44,21-Aug-14,2014,NA,NA,NA,2014-GES-44
BMAG048,ACTGAT,D08,Ht25-60_2014_D08,Ht25-60,2014_BLOCK_1,257,25-Sep-14,2014,NA,NA,NA,2014-GES-257
BMAG048,GTGGCC,D09,Ht20-68_2012_D09,Ht20-68,SFC_09_10,6242,9-Jan-13,2012,NA,NA,NA,2013-SKT-6242
BMAG048,CGTACG,D09,Ht22-68_2013_D09,Ht22-68,SFC_09_15,361,12-Feb-14,2013,65,NA,NA,2014-SKT-0361
BMAG048,ATTCCT,D09,Ht27-68_2014_D09,Ht27-68,2014_BLOCK_2,47,21-Aug-14,2014,NA,NA,NA,2014-GES-47
BMAG048,ACTGAT,D09,Ht25-68_2014_D09,Ht25-68,2014_BLOCK_1,259,25-Sep-14,2014,NA,NA,NA,2014-GES-259
BMAG048,GTGGCC,D10,Ht20-76_2012_D10,Ht20-76,SFC_09_10,6243,9-Jan-13,2012,NA,NA,NA,2013-SKT-6243
BMAG048,CGTACG,D10,Ht22-76_2013_D10,Ht22-76,SFC_09_15,362,12-Feb-14,2013,59,NA,NA,2014-SKT-0362
BMAG048,ATTCCT,D10,Ht27-76_2014_D10,Ht27-76,2014_BLOCK_2,48,21-Aug-14,2014,NA,NA,NA,2014-GES-48
BMAG048,ACTGAT,D10,Ht25-76_2014_D10,Ht25-76,2014_BLOCK_1,260,25-Sep-14,2014,NA,NA,NA,2014-GES-260
BMAG048,GTGGCC,D11,Ht20-84_2012_D11,Ht20-84,SFC_09_10,6244,9-Jan-13,2012,NA,NA,NA,2013-SKT-6244
BMAG048,CGTACG,D11,Ht22-84_2013_D11,Ht22-84,SFC_09_15,363,12-Feb-14,2013,61,NA,NA,2014-SKT-0363
BMAG048,ATTCCT,D11,Ht27-84_2014_D11,Ht27-84,2014_BLOCK_2,49,21-Aug-14,2014,NA,NA,NA,2014-GES-49
BMAG048,ACTGAT,D11,Ht25-84_2014_D11,Ht25-84,2014_BLOCK_1,262,25-Sep-14,2014,NA,NA,NA,2014-GES-262
BMAG048,GTGGCC,D12,Ht20-92_2012_D12,Ht20-92,SFC_09_10,6245,9-Jan-13,2012,NA,NA,NA,2013-SKT-6245
BMAG048,CGTACG,D12,Ht22-92_2013_D12,Ht22-92,SFC_09_15,364,12-Feb-14,2013,67,NA,NA,2014-SKT-0364
BMAG048,ATTCCT,D12,Ht27-92_2014_D12,Ht27-92,2014_BLOCK_2,52,21-Aug-14,2014,NA,NA,NA,2014-GES-52
BMAG048,ACTGAT,D12,Ht25-92_2014_D12,Ht25-92,2014_BLOCK_1,263,25-Sep-14,2014,NA,NA,NA,2014-GES-263
BMAG048,GTGGCC,E01,Ht20-05_2012_E01,Ht20-5,SFC_09_10,6246,9-Jan-13,2012,NA,NA,NA,2013-SKT-6246
BMAG048,CGTACG,E01,Ht22-05_2013_E01,Ht22-5,SFC_09_15,365,12-Feb-14,2013,70,NA,NA,2014-SKT-0365
BMAG048,ATTCCT,E01,Ht27-05_2014_E01,Ht27-5,2014_BLOCK_2,55,21-Aug-14,2014,NA,NA,NA,2014-GES-55
BMAG048,ACTGAT,E01,Ht25-05_2014_E01,Ht25-5,2014_BLOCK_1,268,25-Sep-14,2014,NA,NA,NA,2014-GES-268
BMAG048,GTGGCC,E02,Ht20-13_2012_E02,Ht20-13,SFC_09_10,6247,9-Jan-13,2012,NA,NA,NA,2013-SKT-6247
BMAG048,CGTACG,E02,Ht22-13_2013_E02,Ht22-13,SFC_09_15,366,12-Feb-14,2013,65,NA,NA,2014-SKT-0366
BMAG048,ATTCCT,E02,Ht27-13_2014_E02,Ht27-13,2014_BLOCK_2,59,21-Aug-14,2014,NA,NA,NA,2014-GES-59
BMAG048,ACTGAT,E02,Ht25-13_2014_E02,Ht25-13,2014_BLOCK_1,269,25-Sep-14,2014,NA,NA,NA,2014-GES-269
BMAG048,GTGGCC,E03,Ht20-21_2012_E03,Ht20-21,SFC_09_10,6248,9-Jan-13,2012,NA,NA,NA,2013-SKT-6248
BMAG048,CGTACG,E03,Ht22-21_2013_E03,Ht22-21,SFC_09_15,367,12-Feb-14,2013,64,NA,NA,2014-SKT-0367
BMAG048,ATTCCT,E03,Ht27-21_2014_E03,Ht27-21,2014_BLOCK_2,64,21-Aug-14,2014,NA,NA,NA,2014-GES-64
BMAG048,ACTGAT,E03,Ht25-21_2014_E03,Ht25-21,2014_BLOCK_1,270,25-Sep-14,2014,NA,NA,NA,2014-GES-270
BMAG048,GTGGCC,E04,Ht20-29_2012_E04,Ht20-29,SFC_09_10,6249,9-Jan-13,2012,NA,NA,NA,2013-SKT-6249
BMAG048,CGTACG,E04,Ht22-29_2013_E04,Ht22-29,SFC_09_15,368,13-Feb-14,2013,72,NA,NA,2014-SKT-0368
BMAG048,ATTCCT,E04,Ht27-29_2014_E04,Ht27-29,2014_BLOCK_2,65,21-Aug-14,2014,NA,NA,NA,2014-GES-65
BMAG048,ACTGAT,E04,Ht25-29_2014_E04,Ht25-29,2014_BLOCK_1,272,25-Sep-14,2014,NA,NA,NA,2014-GES-272
BMAG048,GTGGCC,E05,Ht20-37_2012_E05,Ht20-37,SFC_09_10,6250,9-Jan-13,2012,NA,NA,NA,2013-SKT-6250
BMAG048,CGTACG,E05,Ht22-37_2013_E05,Ht22-37,SFC_09_15,369,13-Feb-14,2013,65,NA,NA,2014-SKT-0369
BMAG048,ATTCCT,E05,Ht27-37_2014_E05,Ht27-37,2014_BLOCK_2,66,21-Aug-14,2014,NA,NA,NA,2014-GES-66
BMAG048,ACTGAT,E05,Ht25-37_2014_E05,Ht25-37,2014_BLOCK_1,273,25-Sep-14,2014,NA,NA,NA,2014-GES-273
BMAG048,GTGGCC,E06,Ht20-45_2012_E06,Ht20-45,SFC_09_10,6251,9-Jan-13,2012,NA,NA,NA,2013-SKT-6251
BMAG048,CGTACG,E06,Ht22-45_2013_E06,Ht22-45,SFC_09_15,370,13-Feb-14,2013,74,NA,NA,2014-SKT-0370
BMAG048,ATTCCT,E06,Ht27-45_2014_E06,Ht27-45,2014_BLOCK_2,71,21-Aug-14,2014,NA,NA,NA,2014-GES-71
BMAG048,ACTGAT,E06,Ht25-45_2014_E06,Ht25-45,2014_BLOCK_1,274,25-Sep-14,2014,NA,NA,NA,2014-GES-274
BMAG048,GTGGCC,E07,Ht20-53_2012_E07,Ht20-53,SFC_09_10,6252,9-Jan-13,2012,NA,NA,NA,2013-SKT-6252
BMAG048,CGTACG,E07,Ht22-53_2013_E07,Ht22-53,SFC_09_15,371,13-Feb-14,2013,84,NA,NA,2014-SKT-0371
BMAG048,ATTCCT,E07,Ht27-53_2014_E07,Ht27-53,2014_BLOCK_2,76,21-Aug-14,2014,NA,NA,NA,2014-GES-76
BMAG048,ACTGAT,E07,Ht25-53_2014_E07,Ht25-53,2014_BLOCK_1,276,25-Sep-14,2014,NA,NA,NA,2014-GES-276
BMAG048,GTGGCC,E08,Ht20-61_2012_E08,Ht20-61,SFC_09_10,6253,9-Jan-13,2012,NA,NA,NA,2013-SKT-6253
BMAG048,CGTACG,E08,Ht22-61_2013_E08,Ht22-61,SFC_09_15,372,13-Feb-14,2013,65,NA,NA,2014-SKT-0372
BMAG048,ATTCCT,E08,Ht27-61_2014_E08,Ht27-61,2014_BLOCK_2,79,21-Aug-14,2014,NA,NA,NA,2014-GES-79
BMAG048,ACTGAT,E08,Ht25-61_2014_E08,Ht25-61,2014_BLOCK_1,278,25-Sep-14,2014,NA,NA,NA,2014-GES-278
BMAG048,GTGGCC,E09,Ht20-69_2012_E09,Ht20-69,SFC_09_10,6254,9-Jan-13,2012,NA,NA,NA,2013-SKT-6254
BMAG048,CGTACG,E09,Ht22-69_2013_E09,Ht22-69,SFC_09_15,373,13-Feb-14,2013,71,NA,NA,2014-SKT-0373
BMAG048,ATTCCT,E09,Ht27-69_2014_E09,Ht27-69,2014_BLOCK_2,82,21-Aug-14,2014,NA,NA,NA,2014-GES-82
BMAG048,ACTGAT,E09,Ht25-69_2014_E09,Ht25-69,2014_BLOCK_1,281,25-Sep-14,2014,NA,NA,NA,2014-GES-281
BMAG048,GTGGCC,E10,Ht20-77_2012_E10,Ht20-77,SFC_09_10,6255,9-Jan-13,2012,NA,NA,NA,2013-SKT-6255
BMAG048,CGTACG,E10,Ht22-77_2013_E10,Ht22-77,SFC_09_15,374,13-Feb-14,2013,80,NA,NA,2014-SKT-0374
BMAG048,ATTCCT,E10,Ht27-77_2014_E10,Ht27-77,2014_BLOCK_2,85,21-Aug-14,2014,NA,NA,NA,2014-GES-85
BMAG048,ACTGAT,E10,Ht25-77_2014_E10,Ht25-77,2014_BLOCK_1,284,25-Sep-14,2014,NA,NA,NA,2014-GES-284
BMAG048,GTGGCC,E11,Ht20-85_2012_E11,Ht20-85,SFC_09_10,6256,9-Jan-13,2012,NA,NA,NA,2013-SKT-6256
BMAG048,CGTACG,E11,Ht22-85_2013_E11,Ht22-85,SFC_09_15,375,13-Feb-14,2013,69,NA,NA,2014-SKT-0375
BMAG048,ATTCCT,E11,Ht27-85_2014_E11,Ht27-85,2014_BLOCK_2,93,21-Aug-14,2014,NA,NA,NA,2014-GES-93
BMAG048,ACTGAT,E11,Ht25-85_2014_E11,Ht25-85,2014_BLOCK_1,285,25-Sep-14,2014,NA,NA,NA,2014-GES-285
BMAG048,GTGGCC,E12,Ht20-93_2012_E12,Ht20-93,SFC_09_10,6257,9-Jan-13,2012,NA,NA,NA,2013-SKT-6257
BMAG048,CGTACG,E12,Ht22-93_2013_E12,Ht22-93,SFC_09_15,376,13-Feb-14,2013,64,NA,NA,2014-SKT-0376
BMAG048,ATTCCT,E12,Ht27-93_2014_E12,Ht27-93,2014_BLOCK_2,94,21-Aug-14,2014,NA,NA,NA,2014-GES-94
BMAG048,ACTGAT,E12,Ht25-93_2014_E12,Ht25-93,2014_BLOCK_1,289,25-Sep-14,2014,NA,NA,NA,2014-GES-289
BMAG048,GTGGCC,F01,Ht20-06_2012_F01,Ht20-6,SFC_09_10,6258,9-Jan-13,2012,NA,NA,NA,2013-SKT-6258
BMAG048,CGTACG,F01,Ht22-06_2013_F01,Ht22-6,SFC_09_15,377,13-Feb-14,2013,71,NA,NA,2014-SKT-0377
BMAG048,ATTCCT,F01,Ht27-06_2014_F01,Ht27-6,2014_BLOCK_2,100,21-Aug-14,2014,NA,NA,NA,2014-GES-100
BMAG048,ACTGAT,F01,Ht25-06_2014_F01,Ht25-6,2014_BLOCK_1,293,25-Sep-14,2014,NA,NA,NA,2014-GES-293
BMAG048,GTGGCC,F02,Ht20-14_2012_F02,Ht20-14,SFC_09_10,6259,9-Jan-13,2012,NA,NA,NA,2013-SKT-6259
BMAG048,CGTACG,F02,Ht22-14_2013_F02,Ht22-14,SFC_09_15,378,13-Feb-14,2013,66,NA,NA,2014-SKT-0378
BMAG048,ATTCCT,F02,Ht27-14_2014_F02,Ht27-14,2014_BLOCK_2,104,21-Aug-14,2014,NA,NA,NA,2014-GES-104
BMAG048,ACTGAT,F02,Ht25-14_2014_F02,Ht25-14,2014_BLOCK_1,295,25-Sep-14,2014,NA,NA,NA,2014-GES-295
BMAG048,GTGGCC,F03,Ht20-22_2012_F03,Ht20-22,SFC_09_10,6260,10-Jan-13,2012,NA,NA,NA,2013-SKT-6260
BMAG048,CGTACG,F03,Ht22-22_2013_F03,Ht22-22,SFC_09_15,379,13-Feb-14,2013,69,NA,NA,2014-SKT-0379
BMAG048,ATTCCT,F03,Ht27-22_2014_F03,Ht27-22,2014_BLOCK_2,106,21-Aug-14,2014,NA,NA,NA,2014-GES-106
BMAG048,ACTGAT,F03,Ht25-22_2014_F03,Ht25-22,2014_BLOCK_1,299,25-Sep-14,2014,NA,NA,NA,2014-GES-299
BMAG048,GTGGCC,F04,Ht20-30_2012_F04,Ht20-30,SFC_09_10,6261,10-Jan-13,2012,NA,NA,NA,2013-SKT-6261
BMAG048,CGTACG,F04,Ht22-30_2013_F04,Ht22-30,SFC_09_15,380,13-Feb-14,2013,71,NA,NA,2014-SKT-0380
BMAG048,ATTCCT,F04,Ht27-30_2014_F04,Ht27-30,2014_BLOCK_2,107,21-Aug-14,2014,NA,NA,NA,2014-GES-107
BMAG048,ACTGAT,F04,Ht25-30_2014_F04,Ht25-30,2014_BLOCK_1,301,25-Sep-14,2014,NA,NA,NA,2014-GES-301
BMAG048,GTGGCC,F05,Ht20-38_2012_F05,Ht20-38,SFC_09_10,6262,10-Jan-13,2012,NA,NA,NA,2013-SKT-6262
BMAG048,CGTACG,F05,Ht22-38_2013_F05,Ht22-38,SFC_09_15,381,13-Feb-14,2013,70,NA,NA,2014-SKT-0381
BMAG048,ATTCCT,F05,Ht27-38_2014_F05,Ht27-38,2014_BLOCK_2,111,21-Aug-14,2014,NA,NA,NA,2014-GES-111
BMAG048,ACTGAT,F05,Ht25-38_2014_F05,Ht25-38,2014_BLOCK_1,302,25-Sep-14,2014,NA,NA,NA,2014-GES-302
BMAG048,GTGGCC,F06,Ht20-46_2012_F06,Ht20-46,SFC_09_10,6263,10-Jan-13,2012,NA,NA,NA,2013-SKT-6263
BMAG048,CGTACG,F06,Ht22-46_2013_F06,Ht22-46,SFC_09_15,382,13-Feb-14,2013,71,NA,NA,2014-SKT-0382
BMAG048,ATTCCT,F06,Ht27-46_2014_F06,Ht27-46,2014_BLOCK_2,112,21-Aug-14,2014,NA,NA,NA,2014-GES-112
BMAG048,ACTGAT,F06,Ht25-46_2014_F06,Ht25-46,2014_BLOCK_1,303,25-Sep-14,2014,NA,NA,NA,2014-GES-303
BMAG048,GTGGCC,F07,Ht20-54_2012_F07,Ht20-54,SFC_09_10,6264,10-Jan-13,2012,NA,NA,NA,2013-SKT-6264
BMAG048,CGTACG,F07,Ht22-54_2013_F07,Ht22-54,SFC_09_15,383,13-Feb-14,2013,66,NA,NA,2014-SKT-0383
BMAG048,ATTCCT,F07,Ht27-54_2014_F07,Ht27-54,2014_BLOCK_2,118,21-Aug-14,2014,NA,NA,NA,2014-GES-118
BMAG048,ACTGAT,F07,Ht25-54_2014_F07,Ht25-54,2014_BLOCK_1,304,25-Sep-14,2014,NA,NA,NA,2014-GES-304
BMAG048,GTGGCC,F08,Ht20-62_2012_F08,Ht20-62,SFC_09_10,6265,10-Jan-13,2012,NA,NA,NA,2013-SKT-6265
BMAG048,CGTACG,F08,Ht22-62_2013_F08,Ht22-62,SFC_09_15,384,13-Feb-14,2013,70,NA,NA,2014-SKT-0384
BMAG048,ATTCCT,F08,Ht27-62_2014_F08,Ht27-62,2014_BLOCK_2,119,21-Aug-14,2014,NA,NA,NA,2014-GES-119
BMAG048,ACTGAT,F08,Ht25-62_2014_F08,Ht25-62,2014_BLOCK_1,305,25-Sep-14,2014,NA,NA,NA,2014-GES-305
BMAG048,GTGGCC,F09,Ht20-70_2012_F09,Ht20-70,SFC_09_10,6266,10-Jan-13,2012,NA,NA,NA,2013-SKT-6266
BMAG048,CGTACG,F09,Ht22-70_2013_F09,Ht22-70,SFC_09_15,385,13-Feb-14,2013,67,NA,NA,2014-SKT-0385
BMAG048,ATTCCT,F09,Ht27-70_2014_F09,Ht27-70,2014_BLOCK_2,122,21-Aug-14,2014,NA,NA,NA,2014-GES-122
BMAG048,ACTGAT,F09,Ht25-70_2014_F09,Ht25-70,2014_BLOCK_1,307,25-Sep-14,2014,NA,NA,NA,2014-GES-307
BMAG048,GTGGCC,F10,Ht20-78_2012_F10,Ht20-78,SFC_09_10,6267,10-Jan-13,2012,NA,NA,NA,2013-SKT-6267
BMAG048,CGTACG,F10,Ht22-78_2013_F10,Ht22-78,SFC_09_15,386,13-Feb-14,2013,72,NA,NA,2014-SKT-0386
BMAG048,ATTCCT,F10,Ht27-78_2014_F10,Ht27-78,2014_BLOCK_2,126,21-Aug-14,2014,NA,NA,NA,2014-GES-126
BMAG048,ACTGAT,F10,Ht25-78_2014_F10,Ht25-78,2014_BLOCK_1,308,25-Sep-14,2014,NA,NA,NA,2014-GES-308
BMAG048,GTGGCC,F11,Ht20-86_2012_F11,Ht20-86,SFC_09_10,6268,10-Jan-13,2012,NA,NA,NA,2013-SKT-6268
BMAG048,CGTACG,F11,Ht22-86_2013_F11,Ht22-86,SFC_09_15,387,13-Feb-14,2013,67,NA,NA,2014-SKT-0387
BMAG048,ATTCCT,F11,Ht27-86_2014_F11,Ht27-86,2014_BLOCK_2,127,21-Aug-14,2014,NA,NA,NA,2014-GES-127
BMAG048,ACTGAT,F11,Ht25-86_2014_F11,Ht25-86,2014_BLOCK_1,309,25-Sep-14,2014,NA,NA,NA,2014-GES-309
BMAG048,GTGGCC,F12,Ht20-94_2012_F12,Ht20-94,SFC_09_10,6271,10-Jan-13,2012,NA,NA,NA,2013-SKT-6271
BMAG048,CGTACG,F12,Ht22-94_2013_F12,Ht22-94,SFC_09_15,388,13-Feb-14,2013,63,NA,NA,2014-SKT-0388
BMAG048,ATTCCT,F12,Ht27-94_2014_F12,Ht27-94,2014_BLOCK_2,229,21-Aug-14,2014,NA,NA,NA,2014-GES-229
BMAG048,ACTGAT,F12,Ht25-94_2014_F12,Ht25-94,2014_BLOCK_1,310,25-Sep-14,2014,NA,NA,NA,2014-GES-310
BMAG048,GTGGCC,G01,Ht20-07_2012_G01,Ht20-7,SFC_09_10,6272,10-Jan-13,2012,NA,NA,NA,2013-SKT-6272
BMAG048,CGTACG,G01,Ht22-07_2013_G01,Ht22-7,SFC_09_15,389,13-Feb-14,2013,63,NA,NA,2014-SKT-0389
BMAG048,ATTCCT,G01,Ht27-07_2014_G01,Ht27-7,2014_BLOCK_2,239,21-Aug-14,2014,NA,NA,NA,2014-GES-239
BMAG048,ACTGAT,G01,Ht25-07_2014_G01,Ht25-7,2014_BLOCK_1,311,25-Sep-14,2014,NA,NA,NA,2014-GES-311
BMAG048,GTGGCC,G02,Ht20-15_2012_G02,Ht20-15,SFC_09_10,6273,10-Jan-13,2012,NA,NA,NA,2013-SKT-6273
BMAG048,CGTACG,G02,Ht22-15_2013_G02,Ht22-15,SFC_09_15,390,13-Feb-14,2013,70,NA,NA,2014-SKT-0390
BMAG048,ATTCCT,G02,Ht27-15_2014_G02,Ht27-15,2014_BLOCK_2,320,21-Oct-14,2014,NA,NA,NA,2014-GES-320
BMAG048,ACTGAT,G02,Ht25-15_2014_G02,Ht25-15,2014_BLOCK_1,313,25-Sep-14,2014,NA,NA,NA,2014-GES-313
BMAG048,GTGGCC,G03,Ht20-23_2012_G03,Ht20-23,SFC_09_10,6274,10-Jan-13,2012,NA,NA,NA,2013-SKT-6274
BMAG048,CGTACG,G03,Ht22-23_2013_G03,Ht22-23,SFC_09_15,391,13-Feb-14,2013,69,NA,NA,2014-SKT-0391
BMAG048,ATTCCT,G03,Ht27-23_2014_G03,Ht27-23,2014_BLOCK_2,321,21-Oct-14,2014,NA,NA,NA,2014-GES-321
BMAG048,ACTGAT,G03,Ht25-23_2014_G03,Ht25-23,2014_BLOCK_1,314,25-Sep-14,2014,NA,NA,NA,2014-GES-314
BMAG048,GTGGCC,G04,Ht20-31_2012_G04,Ht20-31,SFC_09_10,6275,10-Jan-13,2012,NA,NA,NA,2013-SKT-6275
BMAG048,CGTACG,G04,Ht22-31_2013_G04,Ht22-31,SFC_09_15,392,13-Feb-14,2013,66,NA,NA,2014-SKT-0392
BMAG048,ATTCCT,G04,Ht27-31_2014_G04,Ht27-31,2014_BLOCK_2,322,21-Oct-14,2014,NA,NA,NA,2014-GES-322
BMAG048,ACTGAT,G04,Ht25-31_2014_G04,Ht25-31,2014_BLOCK_1,317,25-Sep-14,2014,NA,NA,NA,2014-GES-317
BMAG048,GTGGCC,G05,Ht20-39_2012_G05,Ht20-39,SFC_09_10,6276,10-Jan-13,2012,NA,NA,NA,2013-SKT-6276
BMAG048,CGTACG,G05,Ht22-39_2013_G05,Ht22-39,SFC_09_15,393,13-Feb-14,2013,59,NA,NA,2014-SKT-0393
BMAG048,ATTCCT,G05,Ht27-39_2014_G05,Ht27-39,2014_BLOCK_2,323,21-Oct-14,2014,NA,NA,NA,2014-GES-323
BMAG048,ACTGAT,G05,Ht25-39_2014_G05,Ht25-39,2014_BLOCK_1,318,25-Sep-14,2014,NA,NA,NA,2014-GES-318
BMAG048,GTGGCC,G06,Ht20-47_2012_G06,Ht20-47,SFC_09_10,6277,10-Jan-13,2012,NA,NA,NA,2013-SKT-6277
BMAG048,CGTACG,G06,Ht22-47_2013_G06,Ht22-47,SFC_09_15,394,13-Feb-14,2013,62,NA,NA,2014-SKT-0394
BMAG048,ATTCCT,G06,Ht27-47_2014_G06,Ht27-47,2014_BLOCK_2,324,21-Oct-14,2014,NA,NA,NA,2014-GES-324
BMAG048,ACTGAT,G06,Ht25-47_2014_G06,Ht25-47,2014_BLOCK_1,9,1-Aug-14,2014,NA,NA,NA,2014-GES-9
BMAG048,GTGGCC,G07,Ht20-55_2012_G07,Ht20-55,SFC_09_10,6278,10-Jan-13,2012,NA,NA,NA,2013-SKT-6278
BMAG048,CGTACG,G07,Ht22-55_2013_G07,Ht22-55,SFC_09_15,395,13-Feb-14,2013,67,NA,NA,2014-SKT-0395
BMAG048,ATTCCT,G07,Ht27-55_2014_G07,Ht27-55,2014_BLOCK_2,325,21-Oct-14,2014,NA,NA,NA,2014-GES-325
BMAG048,ACTGAT,G07,Ht25-55_2014_G07,Ht25-55,2014_BLOCK_1,13,21-Aug-14,2014,NA,NA,NA,2014-GES-13
BMAG048,GTGGCC,G08,Ht20-63_2012_G08,Ht20-63,SFC_09_10,6279,10-Jan-13,2012,NA,NA,NA,2013-SKT-6279
BMAG048,CGTACG,G08,Ht22-63_2013_G08,Ht22-63,SFC_09_15,396,13-Feb-14,2013,70,NA,NA,2014-SKT-0396
BMAG048,ATTCCT,G08,Ht27-63_2014_G08,Ht27-63,2014_BLOCK_2,7001,10-Sep-14,2014,62,NA,NA,2014-FMWT-7001
BMAG048,ACTGAT,G08,Ht25-63_2014_G08,Ht25-63,2014_BLOCK_1,32,21-Aug-14,2014,NA,NA,NA,2014-GES-32
BMAG048,GTGGCC,G09,Ht20-71_2012_G09,Ht20-71,SFC_09_10,6280,10-Jan-13,2012,NA,NA,NA,2013-SKT-6280
BMAG048,CGTACG,G09,Ht22-71_2013_G09,Ht22-71,SFC_09_15,397,13-Feb-14,2013,71,NA,NA,2014-SKT-0397
BMAG048,ATTCCT,G09,Ht27-71_2014_G09,Ht27-71,2014_BLOCK_2,7003,11-Sep-14,2014,59,NA,NA,2014-FMWT-7003
BMAG048,ACTGAT,G09,Ht25-71_2014_G09,Ht25-71,2014_BLOCK_1,35,21-Aug-14,2014,NA,NA,NA,2014-GES-35
BMAG048,GTGGCC,G10,Ht20-79_2012_G10,Ht20-79,SFC_09_10,6281,10-Jan-13,2012,NA,NA,NA,2013-SKT-6281
BMAG048,CGTACG,G10,Ht22-79_2013_G10,Ht22-79,SFC_09_15,398,13-Feb-14,2013,70,NA,NA,2014-SKT-0398
BMAG048,ATTCCT,G10,Ht27-79_2014_G10,Ht27-79,2014_BLOCK_2,7004,11-Sep-14,2014,47,NA,NA,2014-FMWT-7004
BMAG048,ACTGAT,G10,Ht25-79_2014_G10,Ht25-79,2014_BLOCK_1,54,21-Aug-14,2014,NA,NA,NA,2014-GES-54
BMAG048,GTGGCC,G11,Ht20-87_2012_G11,Ht20-87,SFC_09_10,6282,10-Jan-13,2012,NA,NA,NA,2013-SKT-6282
BMAG048,CGTACG,G11,Ht22-87_2013_G11,Ht22-87,SFC_09_15,400,12-Mar-14,2013,69,NA,NA,2014-SKT-0400
BMAG048,ATTCCT,G11,Ht27-87_2014_G11,Ht27-87,2014_BLOCK_2,7005,11-Sep-14,2014,70,NA,NA,2014-FMWT-7005
BMAG048,ACTGAT,G11,Ht25-87_2014_G11,Ht25-87,2014_BLOCK_1,63,21-Aug-14,2014,NA,NA,NA,2014-GES-63
BMAG048,GTGGCC,G12,Ht20-95_2012_G12,Ht20-95,SFC_09_10,6283,10-Jan-13,2012,NA,NA,NA,2013-SKT-6283
BMAG048,CGTACG,G12,Ht22-95_2013_G12,Ht22-95,SFC_09_15,501,12-Mar-14,2013,70,NA,NA,2014-SKT-0501
BMAG048,ATTCCT,G12,Ht27-95_2014_G12,Ht27-95,2014_BLOCK_2,7006,17-Sep-14,2014,84,NA,NA,2014-FMWT-7006
BMAG048,ACTGAT,G12,Ht25-95_2014_G12,Ht25-95,2014_BLOCK_1,88,21-Aug-14,2014,NA,NA,NA,2014-GES-88
BMAG048,GTGGCC,H01,Ht20-08_2012_H01,Ht20-8,SFC_09_10,6284,10-Jan-13,2012,NA,NA,NA,2013-SKT-6284
BMAG048,CGTACG,H01,Ht22-08_2013_H01,Ht22-8,SFC_09_15,502,12-Mar-14,2013,67,NA,NA,2014-SKT-0502
BMAG048,ATTCCT,H01,Ht27-08_2014_H01,Ht27-8,2014_BLOCK_2,7007,9-Oct-14,2014,48,NA,NA,2014-FMWT-7007
BMAG048,ACTGAT,H01,Ht25-08_2014_H01,Ht25-8,2014_BLOCK_1,116,21-Aug-14,2014,NA,NA,NA,2014-GES-116
BMAG048,GTGGCC,H02,Ht20-16_2012_H02,Ht20-16,SFC_09_10,6285,10-Jan-13,2012,NA,NA,NA,2013-SKT-6285
BMAG048,CGTACG,H02,Ht22-16_2013_H02,Ht22-16,SFC_09_15,503,12-Mar-14,2013,74,NA,NA,2014-SKT-0503
BMAG048,ATTCCT,H02,Ht27-16_2014_H02,Ht27-16,2014_BLOCK_2,7008,9-Oct-14,2014,62,NA,NA,2014-FMWT-7008
BMAG048,ACTGAT,H02,Ht25-16_2014_H02,Ht25-16,2014_BLOCK_1,153,21-Aug-14,2014,NA,NA,NA,2014-GES-153
BMAG048,GTGGCC,H03,Ht20-24_2012_H03,Ht20-24,SFC_09_10,6286,10-Jan-13,2012,NA,NA,NA,2013-SKT-6286
BMAG048,CGTACG,H03,Ht22-24_2013_H03,Ht22-24,SFC_09_15,504,12-Mar-14,2013,71,NA,NA,2014-SKT-0504
BMAG048,ATTCCT,H03,Ht27-24_2014_H03,Ht27-24,2014_BLOCK_2,7009,9-Oct-14,2014,54,NA,NA,2014-FMWT-7009
BMAG048,ACTGAT,H03,Ht25-24_2014_H03,Ht25-24,2014_BLOCK_1,162,21-Aug-14,2014,NA,NA,NA,2014-GES-162
BMAG048,GTGGCC,H04,Ht20-32_2012_H04,Ht20-32,SFC_09_10,6287,10-Jan-13,2012,NA,NA,NA,2013-SKT-6287
BMAG048,CGTACG,H04,Ht22-32_2013_H04,Ht22-32,SFC_09_15,505,12-Mar-14,2013,67,NA,NA,2014-SKT-0505
BMAG048,ATTCCT,H04,Ht27-32_2014_H04,Ht27-32,2014_BLOCK_2,7010,8-Dec-14,2014,NA,NA,NA,2014-FMWT-7010
BMAG048,ACTGAT,H04,Ht25-32_2014_H04,Ht25-32,2014_BLOCK_1,168,21-Aug-14,2014,NA,NA,NA,2014-GES-168
BMAG048,GTGGCC,H05,Ht20-40_2012_H05,Ht20-40,SFC_09_10,6288,10-Jan-13,2012,NA,NA,NA,2013-SKT-6288
BMAG048,CGTACG,H05,Ht22-40_2013_H05,Ht22-40,SFC_09_15,507,12-Mar-14,2013,73,NA,NA,2014-SKT-0507
BMAG048,ATTCCT,H05,Ht27-40_2014_H05,Ht27-40,2014_BLOCK_2,7011,8-Dec-14,2014,63,NA,NA,2014-FMWT-7011
BMAG048,ACTGAT,H05,Ht25-40_2014_H05,Ht25-40,2014_BLOCK_1,169,21-Aug-14,2014,NA,NA,NA,2014-GES-169
BMAG048,GTGGCC,H06,Ht20-48_2012_H06,Ht20-48,SFC_09_10,6289,10-Jan-13,2012,NA,NA,NA,2013-SKT-6289
BMAG048,CGTACG,H06,Ht22-48_2013_H06,Ht22-48,SFC_09_15,508,12-Mar-14,2013,57,NA,NA,2014-SKT-0508
BMAG048,ATTCCT,H06,Ht27-48_2014_H06,Ht27-48,2014_BLOCK_2,7012,9-Dec-14,2014,NA,NA,NA,2014-FMWT-7012
BMAG048,ACTGAT,H06,Ht25-48_2014_H06,Ht25-48,2014_BLOCK_1,173,21-Aug-14,2014,NA,NA,NA,2014-GES-173
BMAG048,GTGGCC,H07,Ht20-56_2012_H07,Ht20-56,SFC_09_10,6294,6-Feb-13,2012,NA,NA,NA,2013-SKT-6294
BMAG048,CGTACG,H07,Ht22-56_2013_H07,Ht22-56,SFC_09_15,509,12-Mar-14,2013,70,NA,NA,2014-SKT-0509
BMAG048,ATTCCT,H07,Ht27-56_2014_H07,Ht27-56,2014_BLOCK_2,7013,9-Dec-14,2014,NA,NA,NA,2014-FMWT-7013
BMAG048,ACTGAT,H07,Ht25-56_2014_H07,Ht25-56,2014_BLOCK_1,177,21-Aug-14,2014,NA,NA,NA,2014-GES-177
BMAG048,GTGGCC,H08,Ht20-64_2012_H08,Ht20-64,SFC_09_10,6297,6-Feb-13,2012,NA,NA,NA,2013-SKT-6297
BMAG048,CGTACG,H08,Ht22-64_2013_H08,Ht22-64,SFC_09_15,512,12-Mar-14,2013,65,NA,NA,2014-SKT-0512
BMAG048,ATTCCT,H08,Ht27-64_2014_H08,Ht27-64,2014_BLOCK_2,7014,9-Dec-14,2014,NA,NA,NA,2014-FMWT-7014
BMAG048,ACTGAT,H08,Ht25-64_2014_H08,Ht25-64,2014_BLOCK_1,178,21-Aug-14,2014,NA,NA,NA,2014-GES-178
BMAG048,GTGGCC,H09,Ht20-72_2012_H09,Ht20-72,SFC_09_10,6298,6-Feb-13,2012,NA,NA,NA,2013-SKT-6298
BMAG048,CGTACG,H09,Ht22-72_2013_H09,Ht22-72,SFC_09_15,513,12-Mar-14,2013,65,NA,NA,2014-SKT-0513
BMAG048,ATTCCT,H09,Ht27-72_2014_H09,Ht27-72,2014_BLOCK_2,7015,9-Dec-14,2014,NA,NA,NA,2014-FMWT-7015
BMAG048,ACTGAT,H09,Ht25-72_2014_H09,Ht25-72,2014_BLOCK_1,182,21-Aug-14,2014,NA,NA,NA,2014-GES-182
BMAG048,GTGGCC,H10,Ht20-80_2012_H10,Ht20-80,SFC_09_10,6299,6-Feb-13,2012,NA,NA,NA,2013-SKT-6299
BMAG048,CGTACG,H10,Ht22-80_2013_H10,Ht22-80,SFC_09_15,514,12-Mar-14,2013,62,NA,NA,2014-SKT-0514
BMAG048,ATTCCT,H10,Ht27-80_2014_H10,Ht27-80,2014_BLOCK_2,7016,9-Dec-14,2014,NA,NA,NA,2014-FMWT-7016
BMAG048,ACTGAT,H10,Ht25-80_2014_H10,Ht25-80,2014_BLOCK_1,185,21-Aug-14,2014,NA,NA,NA,2014-GES-185
BMAG048,GTGGCC,H11,Ht20-88_2012_H11,Ht20-88,SFC_09_10,6300,6-Feb-13,2012,NA,NA,NA,2013-SKT-6300
BMAG048,CGTACG,H11,Ht22-88_2013_H11,Ht22-88,SFC_09_15,515,12-Mar-14,2013,70,NA,NA,2014-SKT-0515
BMAG048,ATTCCT,H11,Ht27-88_2014_H11,Ht27-88,2014_BLOCK_2,7017,9-Dec-14,2014,NA,NA,NA,2014-FMWT-7017
BMAG048,ACTGAT,H11,Ht25-88_2014_H11,Ht25-88,2014_BLOCK_1,188,21-Aug-14,2014,NA,NA,NA,2014-GES-188
BMAG048,ACTGAT,H12,Ht25-96_2014_H12,Ht25-96,2014_BLOCK_1,189,21-Aug-14,2014,NA,NA,NA,2014-GES-189
BMAG048,GTGGCC,H12,Ht20-96_2012_H12,Ht20-96,SFC_09_10,6301,6-Feb-13,2012,NA,NA,NA,2013-SKT-6301
BMAG048,CGTACG,H12,Ht22-96_2013_H12,Ht22-96,SFC_09_15,516,12-Mar-14,2013,64,NA,NA,2014-SKT-0516
BMAG048,ATTCCT,H12,Ht27-96_2014_H12,Ht27-96,2014_BLOCK_2,7018,9-Dec-14,2014,NA,NA,NA,2014-FMWT-7018
BMAG049,GTTTCG,A01,Ht21-01_2013_A01,Ht21-1,SFC_09_13,102,24-Jun-13,2013,NA,NA,NA,TNS-0102
BMAG049,GTTTCG,A02,Ht21-09_2013_A02,Ht21-9,SFC_09_13,103,24-Jun-13,2013,46,NA,NA,2013-TNS-0103
BMAG049,GTTTCG,A03,Ht21-17_2013_A03,Ht21-17,SFC_09_13,104,24-Jun-13,2013,46,NA,NA,2013-TNS-0104
BMAG049,GTTTCG,A04,Ht21-25_2013_A04,Ht21-25,SFC_09_13,106,24-Jun-13,2013,51,NA,NA,2013-TNS-0106
BMAG049,GTTTCG,A05,Ht21-33_2013_A05,Ht21-33,SFC_09_13,117,26-Jun-13,2013,39,NA,NA,2013-TNS-0117
BMAG049,GTTTCG,A06,Ht21-41_2013_A06,Ht21-41,SFC_09_13,118,26-Jun-13,2013,40,NA,NA,2013-TNS-0118
BMAG049,GTTTCG,A07,Ht21-49_2013_A07,Ht21-49,SFC_09_12,91,12-Jun-13,2013,41,NA,NA,2013-TNS-0091
BMAG049,GTTTCG,A08,Ht21-57_2013_A08,Ht21-57,SFC_09_13,123,27-Jun-13,2013,50,NA,NA,2013-TNS-0123
BMAG049,GTTTCG,A09,Ht21-65_2013_A09,Ht21-65,SFC_09_13,124,27-Jun-13,2013,33,NA,NA,2013-TNS-0124
BMAG049,GTTTCG,A10,Ht21-73_2013_A10,Ht21-73,SFC_09_13,125,27-Jun-13,2013,43,NA,NA,2013-TNS-0125
BMAG049,GTTTCG,A11,Ht21-81_2013_A11,Ht21-81,SFC_09_12,80,12-Jun-13,2013,39,NA,NA,2013-TNS-0080
BMAG049,GTTTCG,A12,Ht21-89_2013_A12,Ht21-89,SFC_09_12,43,11-Jun-13,2013,25,NA,NA,2013-TNS-0043
BMAG049,GTTTCG,B01,Ht21-02_2013_B01,Ht21-2,SFC_09_13,130,27-Jun-13,2013,47,NA,NA,2013-TNS-0130
BMAG049,GTTTCG,B02,Ht21-10_2013_B02,Ht21-10,SFC_09_13,132,27-Jun-13,2013,44,NA,NA,2013-TNS-0132
BMAG049,GTTTCG,B03,Ht21-18_2013_B03,Ht21-18,SFC_09_13,133,27-Jun-13,2013,47,NA,NA,2013-TNS-0133
BMAG049,GTTTCG,B04,Ht21-26_2013_B04,Ht21-26,SFC_09_13,135,27-Jun-13,2013,NA,NA,NA,2013-TNS-0135
BMAG049,GTTTCG,B05,Ht21-34_2013_B05,Ht21-34,SFC_09_13,136,27-Jun-13,2013,NA,NA,NA,2013-TNS-0136
BMAG049,GTTTCG,B06,Ht21-42_2013_B06,Ht21-42,SFC_09_13,137,27-Jun-13,2013,NA,NA,NA,2013-TNS-0137
BMAG049,GTTTCG,B07,Ht21-50_2013_B07,Ht21-50,SFC_09_13,138,27-Jun-13,2013,NA,NA,NA,2013-TNS-0138
BMAG049,GTTTCG,B08,Ht21-58_2013_B08,Ht21-58,SFC_09_13,142,8-Jul-13,2013,56,NA,NA,2013-TNS-0142
BMAG049,GTTTCG,B09,Ht21-66_2013_B09,Ht21-66,SFC_09_13,151,10-Jul-13,2013,45,NA,NA,2013-TNS-0151
BMAG049,GTTTCG,B10,Ht21-74_2013_B10,Ht21-74,SFC_09_12,42,11-Jun-13,2013,26,NA,NA,2013-TNS-0042
BMAG049,GTTTCG,B11,Ht21-82_2013_B11,Ht21-82,SFC_09_13,153,10-Jul-13,2013,50,NA,NA,2013-TNS-0153
BMAG049,GTTTCG,B12,Ht21-90_2013_B12,Ht21-90,SFC_09_13,154,10-Jul-13,2013,53,NA,NA,2013-TNS-0154
BMAG049,GTTTCG,C01,Ht21-03_2013_C01,Ht21-3,SFC_09_12,85,12-Jun-13,2013,44,NA,NA,2013-TNS-0085
BMAG049,GTTTCG,C02,Ht21-11_2013_C02,Ht21-11,SFC_09_12,76,12-Jun-13,2013,36,NA,NA,2013-TNS-0076
BMAG049,GTTTCG,C03,Ht21-19_2013_C03,Ht21-19,SFC_09_13,158,10-Jul-13,2013,46,NA,NA,2013-TNS-0158
BMAG049,GTTTCG,C04,Ht21-27_2013_C04,Ht21-27,SFC_09_13,159,10-Jul-13,2013,48,NA,NA,2013-TNS-0159
BMAG049,GTTTCG,C05,Ht21-35_2013_C05,Ht21-35,SFC_09_13,160,10-Jul-13,2013,47,NA,NA,2013-TNS-0160
BMAG049,GTTTCG,C06,Ht21-43_2013_C06,Ht21-43,SFC_09_13,161,10-Jul-13,2013,48,NA,NA,2013-TNS-0161
BMAG049,GTTTCG,C07,Ht21-51_2013_C07,Ht21-51,SFC_09_13,163,10-Jul-13,2013,43,NA,NA,2013-TNS-0163
BMAG049,GTTTCG,C08,Ht21-59_2013_C08,Ht21-59,SFC_09_13,164,10-Jul-13,2013,40,NA,NA,2013-TNS-0164
BMAG049,GTTTCG,C09,Ht21-67_2013_C09,Ht21-67,SFC_09_13,171,11-Jul-13,2013,42,NA,NA,2013-TNS-0171
BMAG049,GTTTCG,C10,Ht21-75_2013_C10,Ht21-75,SFC_09_13,172,11-Jul-13,2013,43,NA,NA,2013-TNS-0172
BMAG049,GTTTCG,C11,Ht21-83_2013_C11,Ht21-83,SFC_09_13,173,11-Jul-13,2013,44,NA,NA,2013-TNS-0173
BMAG049,GTTTCG,C12,Ht21-91_2013_C12,Ht21-91,SFC_09_13,175,11-Jul-13,2013,54,NA,NA,2013-TNS-0175
BMAG049,GTTTCG,D01,Ht21-04_2013_D01,Ht21-4,SFC_09_12,48,11-Jun-13,2013,29,NA,NA,2013-TNS-0048
BMAG049,GTTTCG,D02,Ht21-12_2013_D02,Ht21-12,SFC_09_13,183,22-Jul-13,2013,61,NA,NA,2013-TNS-0183
BMAG049,GTTTCG,D03,Ht21-20_2013_D03,Ht21-20,SFC_09_13,196,22-Jul-13,2013,50,NA,NA,2013-TNS-0196
BMAG049,GTTTCG,D04,Ht21-28_2013_D04,Ht21-28,SFC_09_13,198,22-Jul-13,2013,49,NA,NA,2013-TNS-0198
BMAG049,GTTTCG,D05,Ht21-36_2013_D05,Ht21-36,SFC_09_13,199,22-Jul-13,2013,51,NA,NA,2013-TNS-0199
BMAG049,GTTTCG,D06,Ht21-44_2013_D06,Ht21-44,SFC_09_13,200,22-Jul-13,2013,40,NA,NA,2013-TNS-0200
BMAG049,GTTTCG,D07,Ht21-52_2013_D07,Ht21-52,SFC_09_12,39,11-Jun-13,2013,40,NA,NA,2013-TNS-0039
BMAG049,GTTTCG,D08,Ht21-60_2013_D08,Ht21-60,SFC_09_13,202,22-Jul-13,2013,41,NA,NA,2013-TNS-0202
BMAG049,GTTTCG,D09,Ht21-68_2013_D09,Ht21-68,SFC_09_13,208,23-Jul-13,2013,38,NA,NA,2013-TNS-0208
BMAG049,GTTTCG,D10,Ht21-76_2013_D10,Ht21-76,SFC_09_13,217,24-Jul-13,2013,46,NA,NA,2013-TNS-0217
BMAG049,GTTTCG,D11,Ht21-84_2013_D11,Ht21-84,SFC_09_13,218,24-Jul-13,2013,55,NA,NA,2013-TNS-0218
BMAG049,GTTTCG,D12,Ht21-92_2013_D12,Ht21-92,SFC_09_13,219,24-Jul-13,2013,55,NA,NA,2013-TNS-0219
BMAG049,GTTTCG,E01,Ht21-05_2013_E01,Ht21-5,SFC_09_13,220,24-Jul-13,2013,52,NA,NA,2013-TNS-0220
BMAG049,GTTTCG,E02,Ht21-13_2013_E02,Ht21-13,SFC_09_13,221,24-Jul-13,2013,53,NA,NA,2013-TNS-0221
BMAG049,GTTTCG,E03,Ht21-21_2013_E03,Ht21-21,SFC_09_13,222,24-Jul-13,2013,52,NA,NA,2013-TNS-0222
BMAG049,GTTTCG,E04,Ht21-29_2013_E04,Ht21-29,SFC_09_13,223,24-Jul-13,2013,52,NA,NA,2013-TNS-0223
BMAG049,GTTTCG,E05,Ht21-37_2013_E05,Ht21-37,SFC_09_13,224,24-Jul-13,2013,52,NA,NA,2013-TNS-0224
BMAG049,GTTTCG,E06,Ht21-45_2013_E06,Ht21-45,SFC_09_13,225,24-Jul-13,2013,53,NA,NA,2013-TNS-0225
BMAG049,GTTTCG,E07,Ht21-53_2013_E07,Ht21-53,SFC_09_13,226,24-Jul-13,2013,32,NA,NA,2013-TNS-0226
BMAG049,GTTTCG,E08,Ht21-61_2013_E08,Ht21-61,SFC_09_13,239,25-Jul-13,2013,47,NA,NA,2013-TNS-0239
BMAG049,GTTTCG,E09,Ht21-69_2013_E09,Ht21-69,SFC_09_13,241,25-Jul-13,2013,36,NA,NA,2013-TNS-0241
BMAG049,GTTTCG,E10,Ht21-77_2013_E10,Ht21-77,SFC_09_13,242,25-Jul-13,2013,54,NA,NA,2013-TNS-0242
BMAG049,GTTTCG,E11,Ht21-85_2013_E11,Ht21-85,SFC_09_13,249,5-Aug-13,2013,45,NA,NA,2013-TNS-0249
BMAG049,GTTTCG,E12,Ht21-93_2013_E12,Ht21-93,SFC_09_13,255,7-Aug-13,2013,52,NA,NA,2013-TNS-0255
BMAG049,GTTTCG,F01,Ht21-06_2013_F01,Ht21-6,SFC_09_12,88,12-Jun-13,2013,38,NA,NA,2013-TNS-0088
BMAG049,GTTTCG,F02,Ht21-14_2013_F02,Ht21-14,SFC_09_13,294,19-Aug-13,2013,36,NA,NA,2013-TNS-0294
BMAG049,GTTTCG,F03,Ht21-22_2013_F03,Ht21-22,SFC_09_12,89,12-Jun-13,2013,41,NA,NA,2013-TNS-0089
BMAG049,GTTTCG,F04,Ht21-30_2013_F04,Ht21-30,SFC_09_13,304,19-Aug-13,2013,50,NA,NA,2013-TNS-0304
BMAG049,GTTTCG,F05,Ht21-38_2013_F05,Ht21-38,SFC_09_13,305,19-Aug-13,2013,45,NA,NA,2013-TNS-0305
BMAG049,GTTTCG,F06,Ht21-46_2013_F06,Ht21-46,SFC_09_13,306,19-Aug-13,2013,42,NA,NA,2013-TNS-0306
BMAG049,GTTTCG,F07,Ht21-54_2013_F07,Ht21-54,SFC_09_13,308,21-Aug-13,2013,47,NA,NA,2013-TNS-0308
BMAG049,GTTTCG,F08,Ht21-62_2013_F08,Ht21-62,SFC_09_13,309,21-Aug-13,2013,49,NA,NA,2013-TNS-0309
BMAG049,GTTTCG,F09,Ht21-70_2013_F09,Ht21-70,SFC_09_13,310,21-Aug-13,2013,54,NA,NA,2013-TNS-0310
BMAG049,GTTTCG,F10,Ht21-78_2013_F10,Ht21-78,SFC_09_13,311,21-Aug-13,2013,47,NA,NA,2013-TNS-0311
BMAG049,GTTTCG,F11,Ht21-86_2013_F11,Ht21-86,SFC_09_13,322,10-Sep-13,2013,54,NA,NA,2013-FMWT-0322
BMAG049,GTTTCG,F12,Ht21-94_2013_F12,Ht21-94,SFC_09_13,323,10-Sep-13,2013,50,NA,NA,2013-FMWT-0323
BMAG049,GTTTCG,G01,Ht21-07_2013_G01,Ht21-7,SFC_09_13,348,10-Sep-13,2013,58,NA,NA,2013-FMWT-0348
BMAG049,GTTTCG,G02,Ht21-15_2013_G02,Ht21-15,SFC_09_13,354,11-Sep-13,2013,57,NA,NA,2013-FMWT-0354
BMAG049,GTTTCG,G03,Ht21-23_2013_G03,Ht21-23,SFC_09_13,536,8-Oct-13,2013,56,NA,NA,2013-FMWT-0536
BMAG049,GTTTCG,G04,Ht21-31_2013_G04,Ht21-31,SFC_09_13,541,9-Oct-13,2013,58,NA,NA,2013-FMWT-0541
BMAG049,GTTTCG,G05,Ht21-39_2013_G05,Ht21-39,SFC_09_13,544,9-Oct-13,2013,85,NA,NA,2013-FMWT-0544
BMAG049,GTTTCG,G06,Ht21-47_2013_G06,Ht21-47,SFC_09_13,676,13-Nov-13,2013,63,NA,NA,2013-FMWT-0676
BMAG049,GTTTCG,G07,Ht21-55_2013_G07,Ht21-55,SFC_09_13,679,13-Nov-13,2013,63,NA,NA,2013-FMWT-0679
BMAG049,GTTTCG,G08,Ht21-63_2013_G08,Ht21-63,SFC_09_13,749,19-Nov-13,2013,57,NA,NA,2013-FMWT-0749
BMAG049,GTTTCG,G09,Ht21-71_2013_G09,Ht21-71,SFC_09_13,750,19-Nov-13,2013,50,NA,NA,2013-FMWT-0750
BMAG049,GTTTCG,G10,Ht21-79_2013_G10,Ht21-79,SFC_09_13,794,5-Dec-13,2013,63,NA,NA,2013-FMWT-0794
BMAG049,GTTTCG,G11,Ht21-87_2013_G11,Ht21-87,SFC_09_13,798,5-Dec-13,2013,57,NA,NA,2013-FMWT-0798
BMAG049,GTTTCG,G12,Ht21-95_2013_G12,Ht21-95,SFC_09_13,805,9-Dec-13,2013,66,NA,NA,2013-FMWT-0805
BMAG049,GTTTCG,H01,Ht21-08_2013_H01,Ht21-8,SFC_09_13,808,9-Dec-13,2013,64,NA,NA,2013-FMWT-0808
BMAG049,GTTTCG,H02,Ht21-16_2013_H02,Ht21-16,SFC_09_13,816,9-Dec-13,2013,65,NA,NA,2013-FMWT-0816
BMAG049,GTTTCG,H03,Ht21-24_2013_H03,Ht21-24,SFC_09_13,824,9-Dec-13,2013,64,NA,NA,2013-FMWT-0824
BMAG049,GTTTCG,H04,Ht21-32_2013_H04,Ht21-32,SFC_09_13,830,10-Dec-13,2013,61,NA,NA,2013-FMWT-0830
BMAG049,GTTTCG,H05,Ht21-40_2013_H05,Ht21-40,SFC_09_13,841,10-Dec-13,2013,62,NA,NA,2013-FMWT-0841
BMAG049,GTTTCG,H06,Ht21-48_2013_H06,Ht21-48,SFC_09_12,78,12-Jun-13,2013,39,NA,NA,2013-TNS-0078
BMAG049,GTTTCG,H07,Ht21-56_2013_H07,Ht21-56,SFC_09_12,53,11-Jun-13,2013,25,NA,NA,2013-TNS-0053
BMAG049,GTTTCG,H08,Ht21-64_2013_H08,Ht21-64,SFC_09_12,79,12-Jun-13,2013,38,NA,NA,2013-TNS-0079
BMAG049,GTTTCG,H09,Ht21-72_2013_H09,Ht21-72,SFC_09_12,92,12-Jun-13,2013,33,NA,NA,2013-TNS-0092
BMAG049,GTTTCG,H10,Ht21-80_2013_H10,Ht21-80,SFC_09_12,57,11-Jun-13,2013,39,NA,NA,2013-TNS-0057
BMAG049,GTTTCG,H11,Ht21-88_2013_H11,Ht21-88,SFC_09_12,93,12-Jun-13,2013,38,NA,NA,2013-TNS-0093
BMAG049,GTTTCG,H12,Ht21-96_2013_H12,Ht21-96,SFC_09_12,81,12-Jun-13,2013,40,NA,NA,2013-TNS-0081
